Name,Mass (MJ),Radius (RJ),Period (days),Semi-major axis (AU),Temp. (K)[1],Discovery method,Distance (ly),Host star mass (M☉),Host star temp. (K),Discovery_Year
BD-11 4672 b,0.53,,1667.0,2.28,,radial vel.,89.0,0.57,4475.0,2014
Beta Cancri b,7.8,,605.2,1.7,,radial vel.,290.4,1.7,4092.1,2014
Beta Ursae Minoris b,6.1,,522.3,1.4,,radial vel.,126.5,1.4,4126.0,2014
COROT-22b,0.038,0.435,9.75598,0.092,885.0,transit,1930.0,1.1,5939.0,2014
COROT-24b,0.018,0.33,5.1134,0.056,1070.0,transit,2000.0,0.91,4950.0,2014
COROT-24c,0.088,0.44,11.759,0.098,850.0,transit,2000.0,0.91,4950.0,2014
COROT-27b,10.39,1.007,3.57532,0.0476,1500.0,transit,3400.0,1.05,5900.0,2014
Gliese 15 Ab,0.017,,11.4433,0.0717,,radial vel.,11.6,0.38,3567.0,2014
Gliese 27.1 b,0.0409,,15.819,0.101,,radial vel.,77.05,0.53,3542.0,2014
Gliese 180 b,0.0261,,17.38,0.103,,radial vel.,38.95,0.43,3371.0,2014
Gliese 433 c,0.14,,4900.0,4.7,,radial vel.,29.57,0.48,3472.0,2014
Gliese 422 b,0.0311,,26.161,0.119,,radial vel.,41.32,0.35,3323.0,2014
Gliese 687 b,0.058,,38.14,0.16353,,radial vel.,14.8,0.41,3413.0,2014
Gliese 3293 b,0.07406,,30.5987,0.14339,,radial vel.,51.4,0.42,3466.0,2014
Gliese 3293 c,0.06636,,122.6196,0.36175,,radial vel.,51.4,0.42,3466.0,2014
Gliese 3341 b,0.0208,,14.207,0.089,,radial vel.,77.1,0.47,3526.0,2014
GU Piscium b,11.3,1.265,,2000.0,,imaging,160.0,0.33,3250.0,2014
HAT-P-49b,1.73,1.413,2.691548,0.0438,2131.0,transit,1050.0,1.54,6820.0,2014
HAT-P-54b,0.76,0.944,3.799847,0.04117,,transit,443.0,0.65,4390.0,2014
HATS-4b,1.323,1.02,2.516729,0.0362,1315.0,transit,1400.0,1.0,5403.0,2014
HATS-5b,0.237,0.912,4.763387,0.0542,1025.0,transit,840.0,0.94,5304.0,2014
HATS-6b,0.319,0.998,3.3252725,0.03623,,transit,484.0,0.57,3724.0,2014
HD 564 b,0.33,,492.3,1.2,,radial vel.,175.0,0.96,5902.0,2014
HD 4203 c,2.17,,6700.0,6.95,,radial vel.,253.8,1.13,5702.0,2014
HD 5319 c,1.15,,886.0,2.071,,radial vel.,370.0,1.51,4958.0,2014
HD 10442 b,2.1,,1043.0,2.335,,radial vel.,443.0,1.56,5034.0,2014
HD 11506 c,0.408,,223.41,0.774,,radial vel.,167.4,1.12,5833.0,2014
HD 14067 b,7.8,,1455.0,3.4,,radial vel.,533.0,2.4,4815.0,2014
HD 30669 b,0.47,,1684.0,2.69,,radial vel.,186.0,0.92,5400.0,2014
HD 75784 b,1.15,,341.7,1.073,,radial vel.,224.0,1.41,4917.0,2014
HD 100546 b,,3.4,,53.0,,imaging,320.0,2.4,10500.0,2014
HD 103720 b,0.62,,4.5557,0.0498,,radial vel.,136.0,0.79,5017.0,2014
HD 108341 b,3.5,,1129.0,2.0,,radial vel.,161.0,0.84,5122.0,2014
HD 114613 b,0.48,,3827.0,5.16,,radial vel.,66.8,1.36,5729.0,2014
HD 141399 b,0.451,,94.44,0.415,,radial vel.,118.0,1.07,5600.0,2014
HD 141399 c,1.33,,201.99,0.689,,radial vel.,118.0,1.07,5600.0,2014
HD 141399 d,1.18,,1069.8,2.09,,radial vel.,118.0,1.07,5600.0,2014
HD 141399 e,0.66,,5000.0,5.0,,radial vel.,118.0,1.07,5600.0,2014
HD 154857 c,2.58,,3452.0,5.36,,radial vel.,223.5,1.72,5605.0,2014
HIP 67851 b,1.38,,88.9,0.46,,radial vel.,208.3,1.63,4890.0,2014
HIP 67851 c,4.34,,1741.0,3.09,,radial vel.,208.3,1.63,4890.0,2014
HIP 97233 b,20.0,,1058.8,2.55,,radial vel.,347.0,1.93,5020.0,2014
HIP 105854 b,8.2,,184.2,0.81,,radial vel.,276.0,2.1,4780.0,2014
HIP 116454 b,0.037,0.226,9.1205,0.0906,,radial vel.,180.0,0.78,5089.0,2014
Kapteyn b,0.015,,48.616,0.168,,radial vel.,12.8,0.28,3550.0,2014
Kapteyn c,0.022,,121.54,0.311,,radial vel.,12.8,0.28,3550.0,2014
Kepler-23d,,0.196,15.274299,0.124,,transit,2600.0,1.11,5828.0,2014
Kepler-24d,,0.149,4.244384,0.051,,transit,3900.0,1.03,5897.0,2014
Kepler-24e,,0.248,18.998355,0.138,,transit,3900.0,1.03,5897.0,2014
Kepler-25d,0.283,,123.0,,,radial vel.,798.0,1.19,6270.0,2014
Kepler-26d,,0.095,3.543919,0.039,,transit,1104.0,0.54,3914.0,2014
Kepler-26e,,0.215,46.827915,0.22,,transit,1104.0,0.54,3914.0,2014
Kepler-31d,6.8,0.348,87.6451,0.4,,transit,6800.0,1.21,6340.0,2014
Kepler-37e,,,51.196,,,timing,220.0,0.8,5417.0,2014
Kepler-48d,0.025,0.182,42.8961,,,transit,1009.0,0.88,5194.0,2014
Kepler-48e,2.067,,982.0,,,radial vel.,1009.0,0.88,5194.0,2014
Kepler-49d,,0.143,2.576549,0.031,,transit,1024.0,0.55,4252.0,2014
Kepler-49e,,0.139,18.596108,0.116,,transit,1024.0,0.55,4252.0,2014
Kepler-51d,0.024,0.865,130.194,0.509,,transit,2610.0,1.04,6018.0,2014
Kepler-52d,,0.174,36.445171,0.182,,transit,1058.0,0.54,4263.0,2014
Kepler-53d,,0.189,9.751962,0.091,,transit,4600.0,0.98,5858.0,2014
Kepler-54d,,0.136,20.995694,0.126,,transit,893.0,0.51,4252.0,2014
Kepler-55d,,0.142,2.211099,0.029,,transit,1920.0,0.62,4503.0,2014
Kepler-55e,,0.138,4.617534,0.048,,transit,1920.0,0.62,4503.0,2014
Kepler-55f,,0.142,10.198545,0.081,,transit,1920.0,0.62,4503.0,2014
Kepler-58d,,0.262,40.101371,0.236,,transit,3250.0,0.95,6099.0,2014
Kepler-79d,0.019,0.639,52.0902,0.287,553.0,transit,3230.0,1.17,6174.0,2014
Kepler-79e,0.013,0.311,81.0659,0.386,477.0,transit,3230.0,1.17,6174.0,2014
Kepler-80d,0.02124,0.136,3.07222,0.0372,,transit,1160.0,0.73,4540.0,2014
Kepler-80e,0.01299,0.143,4.64489,0.0491,,transit,1160.0,0.73,4540.0,2014
Kepler-81d,,0.108,20.837846,0.128,,transit,1147.0,0.64,4500.0,2014
Kepler-82d,,0.158,2.382961,0.034,,transit,3030.0,0.85,5428.0,2014
Kepler-82e,,0.22,5.902206,0.063,,transit,3030.0,0.85,5428.0,2014
Kepler-83d,,0.173,5.169796,0.051,,transit,1320.0,0.66,4648.0,2014
Kepler-84d,,0.123,4.224537,0.052,,transit,4700.0,1.0,6031.0,2014
Kepler-84e,,0.232,27.434389,0.181,,transit,4700.0,1.0,6031.0,2014
Kepler-84f,,0.196,44.552169,0.25,,transit,4700.0,1.0,6031.0,2014
Kepler-85d,,0.107,17.91323,0.13,,transit,2550.0,0.92,5436.0,2014
Kepler-85e,,0.113,25.216751,0.163,,transit,2550.0,0.92,5436.0,2014
Kepler-93b,0.01265,0.132,4.72673978,0.053,1037.0,transit,313.7,0.91,5669.0,2014
Kepler-93c,3.0,,1460.0,,,radial vel.,313.7,0.91,5669.0,2014
Kepler-94b,0.034,0.313,2.50806,,,transit,629.0,0.81,4781.0,2014
Kepler-94c,9.836,,820.3,,,radial vel.,629.0,0.81,4781.0,2014
Kepler-95b,0.041,0.305,11.5231,,,transit,1472.0,1.08,5699.0,2014
Kepler-96b,0.027,0.238,16.2385,,,transit,402.2,1.0,5690.0,2014
Kepler-97b,0.011,0.132,2.58664,,,transit,1322.0,0.94,5779.0,2014
Kepler-97c,1.08,,789.0,,,radial vel.,1322.0,0.94,5779.0,2014
Kepler-98b,0.011,0.178,1.54168,,,transit,1154.0,0.99,5539.0,2014
Kepler-99b,0.019,0.132,4.60358,,,transit,683.0,0.79,4782.0,2014
Kepler-100b,0.023,0.118,6.88705,,,transit,1002.0,1.08,5825.0,2014
Kepler-100c,,0.196,12.8159,,,transit,1002.0,1.08,5825.0,2014
Kepler-100d,,0.144,35.3331,,,transit,1002.0,1.08,5825.0,2014
Kepler-101b,0.16,0.51,3.4876812,0.0474,,transit,3110.0,1.17,5667.0,2014
Kepler-101c,0.01,0.112,6.02976,0.0684,,transit,3110.0,1.17,5667.0,2014
Kepler-102b,,0.042,5.28696,,792.0,transit,352.7,0.81,4909.0,2014
Kepler-102c,,0.052,7.07142,,718.0,transit,352.7,0.81,4909.0,2014
Kepler-102d,0.012,0.105,10.3117,,,transit,352.7,0.81,4909.0,2014
Kepler-102f,,0.079,27.4536,,457.0,transit,352.7,0.81,4909.0,2014
Kepler-103b,0.031,0.301,15.9654,,,transit,1637.0,1.09,5845.0,2014
Kepler-103c,0.114,0.459,179.612,,,transit,1637.0,1.09,5845.0,2014
Kepler-104b,,0.277,11.427548,0.094,,transit,1322.0,0.81,5711.0,2014
Kepler-104c,,0.279,23.668205,0.153,,transit,1322.0,0.81,5711.0,2014
Kepler-104d,,0.319,51.755394,0.257,,transit,1322.0,0.81,5711.0,2014
Kepler-105c,0.01447,0.117,7.1262,,,transit,1517.0,0.96,5827.0,2014
Kepler-106b,,0.073,6.16486,,,transit,1470.0,1.0,5858.0,2014
Kepler-106c,0.033,0.223,13.5708,,,transit,1470.0,1.0,5858.0,2014
Kepler-106d,,0.085,23.9802,,,transit,1470.0,1.0,5858.0,2014
Kepler-106e,0.035,0.228,43.8445,,,transit,1470.0,1.0,5858.0,2014
Kepler-107b,,0.139,3.179997,0.044,,transit,1741.0,,5851.0,2014
Kepler-107c,,0.161,4.901425,0.059,,transit,1741.0,,5851.0,2014
Kepler-107d,,0.095,7.958203,0.082,,transit,1741.0,,5851.0,2014
Kepler-107e,,0.308,14.749049,0.123,,transit,1741.0,,5851.0,2014
Kepler-108b,,0.772,49.183921,0.292,,transit,4200.0,0.87,5854.0,2014
Kepler-108c,,0.73,190.323494,0.721,,transit,4200.0,0.87,5854.0,2014
Kepler-109b,,0.211,6.48163,,,transit,1570.0,1.04,5952.0,2014
Kepler-109c,,0.225,21.2227,,,transit,1570.0,1.04,5952.0,2014
Kepler-110b,,0.163,12.691112,0.107,,transit,1950.0,,5960.0,2014
Kepler-110c,,0.197,31.719775,0.198,,transit,1950.0,,5960.0,2014
Kepler-111b,,0.141,3.341815,0.046,,transit,2190.0,,5952.0,2014
Kepler-111c,,0.651,224.784608,0.761,,transit,2190.0,,5952.0,2014
Kepler-112b,,0.211,8.408878,0.076,,transit,1698.0,,5544.0,2014
Kepler-112c,,0.214,28.574263,0.172,,transit,1698.0,,5544.0,2014
Kepler-113b,0.037,0.162,4.754,,,transit,862.0,0.75,4725.0,2014
Kepler-113c,,0.194,8.92507,,,transit,862.0,0.75,4725.0,2014
Kepler-114b,,0.112,5.188549,0.053,722.0,transit,852.0,0.56,4605.0,2014
Kepler-115b,,0.097,2.403679,0.036,,transit,2070.0,1.0,5979.0,2014
Kepler-115c,,0.232,8.990889,0.087,,transit,2070.0,1.0,5979.0,2014
Kepler-116b,,0.305,5.968734,0.069,,transit,3200.0,1.16,6142.0,2014
Kepler-116c,,0.205,13.07163,0.116,,transit,3200.0,1.16,6142.0,2014
Kepler-117b,0.094,0.719,18.7959228,0.1445,,transit,4700.0,1.13,6150.0,2014
Kepler-117c,1.84,1.101,50.790391,0.2804,,transit,4700.0,1.13,6150.0,2014
Kepler-118b,,0.175,7.518496,0.073,,transit,1900.0,0.86,5274.0,2014
Kepler-118c,,0.685,20.17202,0.141,,transit,1900.0,0.86,5274.0,2014
Kepler-119b,,0.321,2.422082,0.035,,transit,2340.0,,5595.0,2014
Kepler-119c,,0.082,4.125103,0.049,,transit,2340.0,,5595.0,2014
Kepler-120b,,0.192,6.312501,0.055,,transit,1281.0,,4096.0,2014
Kepler-120c,,0.136,12.794585,0.088,,transit,1281.0,,4096.0,2014
Kepler-121b,,0.209,3.177422,0.039,,transit,1690.0,,5311.0,2014
Kepler-121c,,0.203,41.008011,0.216,,transit,1690.0,,5311.0,2014
Kepler-122b,,0.209,5.766193,0.064,,transit,3450.0,0.99,6050.0,2014
Kepler-122c,,0.524,12.465988,0.108,,transit,3450.0,0.99,6050.0,2014
Kepler-122d,,0.196,21.587475,0.155,,transit,3450.0,0.99,6050.0,2014
Kepler-122e,,0.232,37.993273,0.227,,transit,3450.0,0.99,6050.0,2014
Kepler-122f,0.113,0.156,56.268,,,timing,3450.0,0.99,6050.0,2014
Kepler-123b,,0.262,17.232366,0.135,,transit,3430.0,1.03,6089.0,2014
Kepler-123c,,0.132,26.695074,0.181,,transit,3430.0,1.03,6089.0,2014
Kepler-124b,,0.065,3.410493,0.039,,transit,1386.0,,4984.0,2014
Kepler-124c,,0.156,13.821375,0.1,,transit,1386.0,,4984.0,2014
Kepler-124d,,0.099,30.950851,0.17,,transit,1386.0,,4984.0,2014
Kepler-125b,,0.211,4.164389,0.041,,transit,601.0,0.55,3810.0,2014
Kepler-125c,,0.066,5.774464,0.051,,transit,601.0,0.55,3810.0,2014
Kepler-126b,,0.136,10.495711,0.099,,transit,779.0,,6239.0,2014
Kepler-126c,,0.141,21.869741,0.162,,transit,779.0,,6239.0,2014
Kepler-126d,,0.223,100.283134,0.448,,transit,779.0,,6239.0,2014
Kepler-127b,,0.125,14.435889,0.125,,transit,1162.0,,6106.0,2014
Kepler-127c,,0.237,29.393195,0.2,,transit,1162.0,,6106.0,2014
Kepler-127d,,0.236,48.630408,0.28,,transit,1162.0,,6106.0,2014
Kepler-129b,,0.211,15.79186,0.131,,transit,1349.0,1.18,5770.0,2014
Kepler-129c,,0.227,82.20017,0.393,,transit,1349.0,1.18,5770.0,2014
Kepler-130c,,0.259,27.50868,0.178,,transit,1042.0,1.0,5884.0,2014
Kepler-130d,,0.146,87.517905,0.377,,transit,1042.0,1.0,5884.0,2014
Kepler-131b,0.051,0.215,16.092,,,transit,750.0,1.02,5685.0,2014
Kepler-131c,0.026,0.075,25.5169,,,transit,750.0,1.02,5685.0,2014
Kepler-132b,,0.108,6.178196,0.067,,transit,900.0,,6003.0,2014
Kepler-132c,,0.114,6.414914,0.068,,transit,900.0,,6003.0,2014
Kepler-132d,,0.138,18.010199,0.136,,transit,900.0,,6003.0,2014
Kepler-133b,,0.157,8.129976,0.083,,transit,2170.0,,5736.0,2014
Kepler-133c,,0.253,31.517586,0.204,,transit,2170.0,,5736.0,2014
Kepler-134b,,0.178,5.317429,0.06,,transit,1102.0,,5983.0,2014
Kepler-134c,,0.112,10.105785,0.092,,transit,1102.0,,5983.0,2014
Kepler-135b,,0.161,6.00253,0.067,,transit,2060.0,,6090.0,2014
Kepler-135c,,0.103,11.448708,0.103,,transit,2060.0,,6090.0,2014
Kepler-136b,,0.183,11.5789,0.106,,transit,1389.0,1.2,6165.0,2014
Kepler-136c,,0.178,16.399235,0.133,,transit,1389.0,1.2,6165.0,2014
Kepler-137b,,0.131,8.436387,0.077,,transit,996.0,,5187.0,2014
Kepler-137c,,0.168,18.735753,0.13,,transit,996.0,,5187.0,2014
Kepler-138b,0.00021,0.047,10.3126,,,transit,218.5,0.52,3841.0,2014
Kepler-138c,0.0062,0.107,13.7813,,,transit,218.5,0.52,3841.0,2014
Kepler-138d,0.00201,0.108,23.0881,,431.0,transit,218.5,0.52,3841.0,2014
Kepler-139b,,0.262,15.771044,0.127,,transit,1289.0,1.08,5594.0,2014
Kepler-139c,,0.302,157.072878,0.586,,transit,1289.0,1.08,5594.0,2014
Kepler-140b,,0.144,3.25427,0.045,,transit,1940.0,,6077.0,2014
Kepler-140c,,0.161,91.353282,0.414,,transit,1940.0,,6077.0,2014
Kepler-141b,,0.062,3.107675,0.039,,transit,990.0,1.0,4910.0,2014
Kepler-141c,,0.126,7.010606,0.067,,transit,990.0,1.0,4910.0,2014
Kepler-142b,,0.178,2.024152,0.032,,transit,1818.0,0.99,5790.0,2014
Kepler-142c,,0.255,4.761702,0.057,,transit,1818.0,0.99,5790.0,2014
Kepler-142d,,0.193,41.809118,0.242,,transit,1818.0,0.99,5790.0,2014
Kepler-143b,,0.215,16.007583,0.127,,transit,2700.0,,5848.0,2014
Kepler-143c,,0.301,27.082511,0.181,,transit,2700.0,,5848.0,2014
Kepler-144b,,0.119,5.885273,0.066,,transit,1269.0,1.03,6075.0,2014
Kepler-144c,,0.12,10.104665,0.094,,transit,1269.0,1.03,6075.0,2014
Kepler-146b,,0.331,31.158799,0.2,,transit,2390.0,,5948.0,2014
Kepler-146c,,0.279,76.732171,0.364,,transit,2390.0,,5948.0,2014
Kepler-147b,,0.136,12.610584,0.113,,transit,3500.0,1.01,6012.0,2014
Kepler-147c,,0.217,33.416423,0.216,,transit,3500.0,1.01,6012.0,2014
Kepler-148b,,0.161,1.729366,0.028,,transit,2640.0,,5272.0,2014
Kepler-148c,,0.321,4.180043,0.05,,transit,2640.0,,5272.0,2014
Kepler-149b,,0.376,29.198943,0.184,,transit,1893.0,,5381.0,2014
Kepler-149c,,0.144,55.328328,0.281,,transit,1893.0,,5381.0,2014
Kepler-149d,,0.353,160.018032,0.571,,transit,1893.0,,5381.0,2014
Kepler-150b,,0.112,3.428054,0.044,,transit,2980.0,,5560.0,2014
Kepler-150c,,0.329,7.381998,0.073,,transit,2980.0,,5560.0,2014
Kepler-150d,,0.249,12.56093,0.104,,transit,2980.0,,5560.0,2014
Kepler-150e,,0.278,30.826557,0.189,,transit,2980.0,,5560.0,2014
Kepler-151b,,0.273,15.228958,0.116,,transit,2160.0,0.83,5460.0,2014
Kepler-151c,,0.186,24.674612,0.16,,transit,2160.0,0.83,5460.0,2014
Kepler-152b,,0.249,18.207973,0.124,,transit,1457.0,,5088.0,2014
Kepler-152c,,0.213,88.255055,0.356,,transit,1457.0,,5088.0,2014
Kepler-153b,,0.261,18.870227,0.129,,transit,1518.0,,5404.0,2014
Kepler-153c,,0.226,46.90232,0.237,,transit,1518.0,,5404.0,2014
Kepler-154b,,0.202,33.040532,0.198,,transit,3070.0,0.89,5690.0,2014
Kepler-154c,,0.263,62.303276,0.303,,transit,3070.0,0.89,5690.0,2014
Kepler-155b,,0.186,5.931194,0.056,,transit,965.0,0.58,4508.0,2014
Kepler-155c,,0.2,52.661793,0.242,,transit,965.0,0.58,4508.0,2014
Kepler-156b,,0.205,4.973456,0.054,,transit,1465.0,,5094.0,2014
Kepler-156c,,0.227,15.906801,0.117,,transit,1465.0,,5094.0,2014
Kepler-157b,,0.118,1.732342,0.028,,transit,2580.0,,5774.0,2014
Kepler-157c,,0.2,13.5405,0.11,,transit,2580.0,,5774.0,2014
Kepler-158b,,0.189,16.709184,0.111,,transit,1037.0,,4623.0,2014
Kepler-158c,,0.17,28.551383,0.158,,transit,1037.0,,4623.0,2014
Kepler-159b,,0.212,10.139623,0.082,,transit,1232.0,,4625.0,2014
Kepler-159c,,0.304,43.595792,0.218,,transit,1232.0,,4625.0,2014
Kepler-160b,,0.137,4.309427,0.05,,transit,3140.0,0.88,5471.0,2014
Kepler-160c,,0.322,13.699087,0.109,,transit,3140.0,0.88,5471.0,2014
Kepler-161b,,0.189,4.921355,0.054,,transit,1435.0,0.77,5078.0,2014
Kepler-161c,,0.183,7.06424,0.068,,transit,1435.0,0.77,5078.0,2014
Kepler-162b,,0.112,6.919798,0.069,,transit,2860.0,,5816.0,2014
Kepler-162c,,0.27,19.446355,0.137,,transit,2860.0,,5816.0,2014
Kepler-163b,,0.094,7.810937,0.078,,transit,2300.0,0.96,5776.0,2014
Kepler-163c,,0.202,21.347262,0.152,,transit,2300.0,0.96,5776.0,2014
Kepler-164b,,0.126,5.03503,0.058,,transit,2980.0,1.11,5888.0,2014
Kepler-164c,,0.244,10.945723,0.097,,transit,2980.0,1.11,5888.0,2014
Kepler-164d,,0.219,28.986769,0.187,,transit,2980.0,1.11,5888.0,2014
Kepler-165b,,0.207,8.180848,0.072,,transit,1860.0,,5211.0,2014
Kepler-165c,,0.199,15.31299,0.11,,transit,1860.0,,5211.0,2014
Kepler-166b,,0.203,7.650254,0.072,,transit,2000.0,,5413.0,2014
Kepler-166c,,0.212,34.260281,0.195,,transit,2000.0,,5413.0,2014
Kepler-167b,,0.144,4.3931632,0.0483,,transit,1100.0,0.77,4890.0,2014
Kepler-167c,,0.138,7.406114,0.0684,,transit,1100.0,0.77,4890.0,2014
Kepler-168b,,0.13,4.425391,0.056,,transit,4550.0,,6282.0,2014
Kepler-168c,,0.24,13.193242,0.116,,transit,4550.0,,6282.0,2014
Kepler-169b,,0.101,3.250619,0.04,,transit,1341.0,0.86,4997.0,2014
Kepler-169c,,0.108,6.195469,0.062,,transit,1341.0,0.86,4997.0,2014
Kepler-169d,,0.112,8.348125,0.075,,transit,1341.0,0.86,4997.0,2014
Kepler-169e,,0.196,13.767102,0.105,,transit,1341.0,0.86,4997.0,2014
Kepler-169f,,0.23,87.090195,0.359,,transit,1341.0,0.86,4997.0,2014
Kepler-170b,,0.285,7.930592,0.08,,transit,2460.0,,5679.0,2014
Kepler-170c,,0.255,16.665863,0.131,,transit,2460.0,,5679.0,2014
Kepler-171b,,0.209,4.166972,0.05,,transit,2890.0,,5642.0,2014
Kepler-171c,,0.228,11.463462,0.098,,transit,2890.0,,5642.0,2014
Kepler-171d,,0.169,39.595519,0.223,,transit,2890.0,,5642.0,2014
Kepler-172b,,0.21,2.940309,0.04,,transit,2770.0,0.86,5526.0,2014
Kepler-172c,,0.255,6.388996,0.068,,transit,2770.0,0.86,5526.0,2014
Kepler-172d,,0.201,14.627119,0.118,,transit,2770.0,0.86,5526.0,2014
Kepler-172e,,0.246,35.118736,0.211,,transit,2770.0,0.86,5526.0,2014
Kepler-173b,,0.115,4.263742,0.048,,transit,2780.0,0.78,6031.0,2014
Kepler-173c,,0.217,8.005777,0.074,,transit,2780.0,0.78,6031.0,2014
Kepler-174b,,0.175,13.98179,0.1,,transit,1268.0,,4880.0,2014
Kepler-174c,,0.133,44.000529,0.214,,transit,1268.0,,4880.0,2014
Kepler-174d,,0.195,247.35373,0.677,,transit,1268.0,,4880.0,2014
Kepler-175b,,0.228,11.903515,0.105,,transit,4450.0,1.04,6064.0,2014
Kepler-175c,,0.277,34.035257,0.213,,transit,4450.0,1.04,6064.0,2014
Kepler-176b,,0.128,5.433074,0.058,,transit,1750.0,,5232.0,2014
Kepler-176c,,0.232,12.759712,0.102,,transit,1750.0,,5232.0,2014
Kepler-176d,,0.224,25.751974,0.163,,transit,1750.0,,5232.0,2014
Kepler-178b,,0.259,9.576694,0.085,,transit,2380.0,,5676.0,2014
Kepler-178c,,0.257,20.552802,0.142,,transit,2380.0,,5676.0,2014
Kepler-178d,,0.352,96.678988,0.397,,transit,2380.0,,5676.0,2014
Kepler-179b,,0.146,2.735926,0.036,,transit,2010.0,,5302.0,2014
Kepler-179c,,0.178,6.40013,0.064,,transit,2010.0,,5302.0,2014
Kepler-180b,,0.134,13.817124,0.109,,transit,2320.0,0.84,5731.0,2014
Kepler-180c,,0.269,41.885775,0.229,,transit,2320.0,0.84,5731.0,2014
Kepler-181b,,0.113,3.137873,0.04,,transit,2020.0,,5333.0,2014
Kepler-181c,,0.178,4.302149,0.049,,transit,2020.0,,5333.0,2014
Kepler-182b,,0.23,9.825792,0.096,,transit,5290.0,1.14,6250.0,2014
Kepler-182c,,0.306,20.684342,0.157,,transit,5290.0,1.14,6250.0,2014
Kepler-183b,,0.184,5.687945,0.064,,transit,3530.0,,5888.0,2014
Kepler-183c,,0.203,11.637071,0.103,,transit,3530.0,,5888.0,2014
Kepler-184b,,0.211,10.687576,0.092,,transit,2030.0,,5788.0,2014
Kepler-184c,,0.176,20.303005,0.141,,transit,2030.0,,5788.0,2014
Kepler-184d,,0.222,29.022358,0.179,,transit,2030.0,,5788.0,2014
Kepler-185b,,0.104,1.6329,0.026,,transit,1542.0,0.79,5208.0,2014
Kepler-185c,,0.18,20.729042,0.139,,transit,1542.0,0.79,5208.0,2014
Kepler-186b,,0.095,3.8867907,0.0343,,transit,560.0,0.54,3755.0,2014
Kepler-186c,,0.112,7.267302,0.0451,,transit,560.0,0.54,3755.0,2014
Kepler-186d,,0.125,13.342996,0.0781,,transit,560.0,0.54,3755.0,2014
Kepler-186e,,0.113,22.407704,0.11,,transit,560.0,0.54,3755.0,2014
Kepler-186f,,0.104,129.9441,0.432,,transit,560.0,0.54,3755.0,2014
Kepler-187b,,0.126,4.938864,0.059,,transit,3850.0,0.85,6105.0,2014
Kepler-187c,,0.238,10.640263,0.099,,transit,3850.0,0.85,6105.0,2014
Kepler-188b,,0.15,2.061897,0.032,,transit,3250.0,,6021.0,2014
Kepler-188c,,0.285,5.996553,0.066,,transit,3250.0,,6021.0,2014
Kepler-189b,,0.108,10.399931,0.088,,transit,1960.0,0.79,5235.0,2014
Kepler-189c,,0.212,20.134866,0.137,,transit,1960.0,0.79,5235.0,2014
Kepler-190b,,0.139,2.019999,0.03,,transit,1431.0,0.84,5106.0,2014
Kepler-190c,,0.13,3.763024,0.045,,transit,1431.0,0.84,5106.0,2014
Kepler-191b,,0.12,9.939632,0.087,,transit,1970.0,0.85,5282.0,2014
Kepler-191c,,0.166,17.738506,0.128,,transit,1970.0,0.85,5282.0,2014
Kepler-192b,,0.244,9.926746,0.09,,transit,2170.0,,5479.0,2014
Kepler-192c,,0.249,21.2234,0.15,,transit,2170.0,,5479.0,2014
Kepler-193b,,0.213,11.38848,0.106,,transit,3390.0,,6335.0,2014
Kepler-193c,,0.245,50.697494,0.286,,transit,3390.0,,6335.0,2014
Kepler-194b,,0.135,2.092281,0.032,,transit,3700.0,,6089.0,2014
Kepler-194c,,0.231,17.308032,0.131,,transit,3700.0,,6089.0,2014
Kepler-194d,,0.214,52.814973,0.275,,transit,3700.0,,6089.0,2014
Kepler-195b,,0.181,8.307872,0.077,,transit,2170.0,,5329.0,2014
Kepler-195c,,0.138,34.096863,0.197,,transit,2170.0,,5329.0,2014
Kepler-196b,,0.17,20.739886,0.138,,transit,1491.0,,5128.0,2014
Kepler-196c,,0.2,47.427737,0.24,,transit,1491.0,,5128.0,2014
Kepler-197b,,0.091,5.599308,0.06,,transit,1088.0,,6004.0,2014
Kepler-197c,,0.11,10.349695,0.09,,transit,1088.0,,6004.0,2014
Kepler-197d,,0.109,15.677563,0.119,,transit,1088.0,,6004.0,2014
Kepler-197e,,0.081,25.209715,0.164,,transit,1088.0,,6004.0,2014
Kepler-198b,,0.252,17.790037,0.131,,transit,1638.0,0.93,5574.0,2014
Kepler-198c,,0.22,49.567416,0.259,,transit,1638.0,0.93,5574.0,2014
Kepler-199b,,0.277,23.637604,0.158,,transit,1725.0,,5644.0,2014
Kepler-199c,,0.29,67.093408,0.316,,transit,1725.0,,5644.0,2014
Kepler-200b,,0.19,8.594805,0.08,,transit,2210.0,,5678.0,2014
Kepler-200c,,0.142,10.222157,0.09,,transit,2210.0,,5678.0,2014
Kepler-201b,,0.219,25.672083,0.175,,transit,2240.0,1.17,6065.0,2014
Kepler-201c,,0.254,151.884058,0.573,,transit,2240.0,1.17,6065.0,2014
Kepler-202b,,0.145,4.069427,0.045,,transit,937.0,,4668.0,2014
Kepler-202c,,0.165,16.282493,0.113,,transit,937.0,,4668.0,2014
Kepler-203b,,0.229,3.162697,0.043,,transit,2340.0,0.98,5821.0,2014
Kepler-203c,,0.22,5.370647,0.061,,transit,2340.0,0.98,5821.0,2014
Kepler-203d,,0.128,11.32972,0.1,,transit,2340.0,0.98,5821.0,2014
Kepler-204b,,0.226,14.400974,0.117,,transit,2280.0,0.96,5812.0,2014
Kepler-204c,,0.16,25.660593,0.173,,transit,2280.0,0.96,5812.0,2014
Kepler-205b,,0.135,2.75564,0.032,,transit,523.4,,4321.0,2014
Kepler-205c,,0.146,20.306546,0.122,,transit,523.4,,4321.0,2014
Kepler-206b,,0.107,7.781987,0.078,,transit,1972.0,0.94,5764.0,2014
Kepler-206c,,0.158,13.137471,0.111,,transit,1972.0,0.94,5764.0,2014
Kepler-206d,,0.106,23.44281,0.163,,transit,1972.0,0.94,5764.0,2014
Kepler-207b,,0.14,1.611865,0.029,,transit,2920.0,,5920.0,2014
Kepler-207c,,0.134,3.071571,0.044,,transit,2920.0,,5920.0,2014
Kepler-207d,,0.295,5.868075,0.068,,transit,2920.0,,5920.0,2014
Kepler-208b,,0.145,4.22864,0.054,,transit,2580.0,1.03,6092.0,2014
Kepler-208c,,0.124,7.466623,0.079,,transit,2580.0,1.03,6092.0,2014
Kepler-208d,,0.107,11.131786,0.103,,transit,2580.0,1.03,6092.0,2014
Kepler-208e,,0.132,16.259458,0.132,,transit,2580.0,1.03,6092.0,2014
Kepler-209b,,0.202,16.087845,0.122,,transit,1913.0,,5513.0,2014
Kepler-209c,,0.277,41.749882,0.231,,transit,1913.0,,5513.0,2014
Kepler-210b,,0.262,2.453234,0.032,,transit,764.0,,4559.0,2014
Kepler-210c,,0.323,7.972513,0.07,,transit,764.0,,4559.0,2014
Kepler-211b,,0.112,4.138575,0.048,,transit,1018.0,0.97,5123.0,2014
Kepler-211c,,0.115,6.04045,0.062,,transit,1018.0,0.97,5123.0,2014
Kepler-212b,,0.097,16.257582,0.133,,transit,2280.0,1.16,5852.0,2014
Kepler-212c,,0.244,31.805174,0.207,,transit,2280.0,1.16,5852.0,2014
Kepler-213b,,0.145,2.46236,0.036,,transit,2100.0,0.94,5696.0,2014
Kepler-213c,,0.209,4.822962,0.057,,transit,2100.0,0.94,5696.0,2014
Kepler-214b,,0.233,15.660544,0.13,,transit,4080.0,,6169.0,2014
Kepler-214c,,0.19,28.7798,0.194,,transit,4080.0,,6169.0,2014
Kepler-215b,,0.145,9.360672,0.084,,transit,1607.0,0.77,5739.0,2014
Kepler-215c,,0.158,14.667108,0.113,,transit,1607.0,0.77,5739.0,2014
Kepler-215d,,0.213,30.864423,0.185,,transit,1607.0,0.77,5739.0,2014
Kepler-215e,,0.156,68.16101,0.314,,transit,1607.0,0.77,5739.0,2014
Kepler-216b,,0.21,7.693641,0.079,,transit,4000.0,,6091.0,2014
Kepler-216c,,0.271,17.406669,0.136,,transit,4000.0,,6091.0,2014
Kepler-217b,,0.199,5.374943,0.065,,transit,3720.0,,6171.0,2014
Kepler-217c,,0.165,8.586004,0.089,,transit,3720.0,,6171.0,2014
Kepler-218b,,0.132,3.619337,0.046,,transit,2180.0,,5502.0,2014
Kepler-218c,,0.28,44.699576,0.248,,transit,2180.0,,5502.0,2014
Kepler-219b,,0.263,4.585512,0.057,,transit,2620.0,,5786.0,2014
Kepler-219c,,0.319,22.714613,0.165,,transit,2620.0,,5786.0,2014
Kepler-219d,,0.251,47.903645,0.272,,transit,2620.0,,5786.0,2014
Kepler-220b,,0.072,4.159807,0.046,,transit,560.0,,4632.0,2014
Kepler-220c,,0.14,9.034199,0.076,,transit,560.0,,4632.0,2014
Kepler-220d,,0.087,28.122397,0.163,,transit,560.0,,4632.0,2014
Kepler-220e,,0.119,45.902733,0.226,,transit,560.0,,4632.0,2014
Kepler-221b,,0.153,2.795906,0.037,,transit,1270.0,0.72,5243.0,2014
Kepler-221c,,0.261,5.690586,0.059,,transit,1270.0,0.72,5243.0,2014
Kepler-221d,,0.244,10.04156,0.087,,transit,1270.0,0.72,5243.0,2014
Kepler-221e,,0.235,18.369917,0.13,,transit,1270.0,0.72,5243.0,2014
Kepler-222b,,0.282,3.936981,0.048,,transit,2520.0,,5433.0,2014
Kepler-222c,,0.414,10.08881,0.091,,transit,2520.0,,5433.0,2014
Kepler-222d,,0.329,28.081912,0.18,,transit,2520.0,,5433.0,2014
Kepler-223b,0.02328,0.267,7.38449,,,transit,6400.0,1.12,,2014
Kepler-223c,0.01605,0.307,9.84564,,,transit,6400.0,1.12,,2014
Kepler-223d,0.02517,0.467,14.78869,,,transit,6400.0,1.12,,2014
Kepler-223e,0.0151,0.41,19.72567,,,transit,6400.0,1.12,,2014
Kepler-224b,,0.124,3.132924,0.038,,transit,2600.0,0.74,5018.0,2014
Kepler-224c,,0.278,5.925003,0.058,,transit,2600.0,0.74,5018.0,2014
Kepler-224d,,0.205,11.349393,0.089,,transit,2600.0,0.74,5018.0,2014
Kepler-224e,,0.176,18.643577,0.124,,transit,2600.0,0.74,5018.0,2014
Kepler-225b,,0.107,6.738975,0.056,,transit,1850.0,,3682.0,2014
Kepler-225c,,0.164,18.794234,0.111,,transit,1850.0,,3682.0,2014
Kepler-226b,,0.138,3.940997,0.047,,transit,3280.0,0.86,5571.0,2014
Kepler-226c,,0.203,5.349555,0.058,,transit,3280.0,0.86,5571.0,2014
Kepler-226d,,0.109,8.109044,0.076,,transit,3280.0,0.86,5571.0,2014
Kepler-227b,,0.277,9.488015,0.09,,transit,3640.0,,5854.0,2014
Kepler-227c,,0.271,54.418694,0.29,,transit,3640.0,,5854.0,2014
Kepler-228b,,0.136,2.566546,0.038,,transit,5600.0,,6043.0,2014
Kepler-228c,,0.241,4.134444,0.052,,transit,5600.0,,6043.0,2014
Kepler-228d,,0.36,11.094286,0.101,,transit,5600.0,,6043.0,2014
Kepler-229b,,0.196,6.252972,0.062,,transit,2750.0,,5120.0,2014
Kepler-229c,,0.439,16.068638,0.117,,transit,2750.0,,5120.0,2014
Kepler-229d,,0.343,41.194912,0.22,,transit,2750.0,,5120.0,2014
Kepler-230b,,0.38,32.625555,0.191,,transit,2460.0,,5588.0,2014
Kepler-230c,,0.182,91.773242,0.38,,transit,2460.0,,5588.0,2014
Kepler-231b,,0.154,10.065275,0.074,,transit,988.0,0.58,3767.0,2014
Kepler-231c,,0.172,19.271566,0.114,,transit,988.0,0.58,3767.0,2014
Kepler-232b,,0.275,4.431222,0.054,,transit,4570.0,,5847.0,2014
Kepler-232c,,0.342,11.379349,0.101,,transit,4570.0,,5847.0,2014
Kepler-233b,,0.217,8.472382,0.077,,transit,2860.0,,5360.0,2014
Kepler-233c,,0.242,60.418955,0.287,,transit,2860.0,,5360.0,2014
Kepler-234b,,0.33,2.711506,0.04,,transit,5900.0,,6224.0,2014
Kepler-234c,,0.313,7.21205,0.077,,transit,5900.0,,6224.0,2014
Kepler-235b,,0.199,3.340222,0.037,,transit,1410.0,0.59,4255.0,2014
Kepler-235c,,0.114,7.824904,0.065,,transit,1410.0,0.59,4255.0,2014
Kepler-235d,,0.183,20.060548,0.122,,transit,1410.0,0.59,4255.0,2014
Kepler-235e,,0.198,46.183669,0.213,,transit,1410.0,0.59,4255.0,2014
Kepler-236b,,0.14,8.295611,0.065,,transit,949.0,0.56,3750.0,2014
Kepler-236c,,0.178,23.968127,0.132,,transit,949.0,0.56,3750.0,2014
Kepler-237b,,0.126,4.715106,0.05,,transit,2180.0,0.7,4861.0,2014
Kepler-237c,,0.186,8.103636,0.071,,transit,2180.0,0.7,4861.0,2014
Kepler-238b,,0.154,2.090876,0.034,,transit,6200.0,1.06,5751.0,2014
Kepler-238c,,0.213,6.155557,0.069,,transit,6200.0,1.06,5751.0,2014
Kepler-238d,,0.274,13.233549,0.115,,transit,6200.0,1.06,5751.0,2014
Kepler-239b,,0.208,11.763051,0.095,,transit,2150.0,0.74,4914.0,2014
Kepler-239c,,0.224,56.228098,0.268,,transit,2150.0,0.74,4914.0,2014
Kepler-240b,,0.122,4.144495,0.048,,transit,2480.0,,4985.0,2014
Kepler-240c,,0.196,7.953528,0.074,,transit,2480.0,,4985.0,2014
Kepler-241b,,0.208,12.718092,0.094,,transit,1980.0,,4699.0,2014
Kepler-241c,,0.229,36.065978,0.189,,transit,1980.0,,4699.0,2014
Kepler-242b,,0.233,8.20395,0.075,,transit,1990.0,,5020.0,2014
Kepler-242c,,0.178,14.496481,0.109,,transit,1990.0,,5020.0,2014
Kepler-243b,,0.219,5.715442,0.062,,transit,2300.0,0.89,5228.0,2014
Kepler-243c,,0.178,20.026218,0.142,,transit,2300.0,0.89,5228.0,2014
Kepler-244b,,0.246,4.311792,0.05,,transit,3480.0,,5554.0,2014
Kepler-244c,,0.183,9.767292,0.087,,transit,3480.0,,5554.0,2014
Kepler-244d,,0.206,20.050401,0.14,,transit,3480.0,,5554.0,2014
Kepler-245b,,0.229,7.49019,0.071,,transit,2870.0,0.8,5100.0,2014
Kepler-245c,,0.194,17.460812,0.124,,transit,2870.0,0.8,5100.0,2014
Kepler-245d,,0.27,36.277108,0.202,,transit,2870.0,0.8,5100.0,2014
Kepler-246b,,0.209,4.60182,0.052,,transit,2070.0,0.86,5206.0,2014
Kepler-246c,,0.134,11.187161,0.095,,transit,2070.0,0.86,5206.0,2014
Kepler-247b,,0.146,3.33616,0.042,,transit,2200.0,,5100.0,2014
Kepler-247c,,0.365,9.439452,0.084,,transit,2200.0,,5100.0,2014
Kepler-247d,,0.352,20.477912,0.14,,transit,2200.0,,5100.0,2014
Kepler-248b,,0.269,6.308205,0.066,,transit,2460.0,,5190.0,2014
Kepler-248c,,0.363,16.239494,0.123,,transit,2460.0,,5190.0,2014
Kepler-249b,,0.097,3.306539,0.035,,transit,624.0,,3568.0,2014
Kepler-249c,,0.135,7.113702,0.058,,transit,624.0,,3568.0,2014
Kepler-249d,,0.14,15.368459,0.097,,transit,624.0,,3568.0,2014
Kepler-250b,,0.101,4.148141,0.048,,transit,2530.0,0.8,5160.0,2014
Kepler-250c,,0.203,7.156804,0.069,,transit,2530.0,0.8,5160.0,2014
Kepler-250d,,0.194,17.648312,0.127,,transit,2530.0,0.8,5160.0,2014
Kepler-251b,,0.119,4.790936,0.053,,transit,3090.0,0.91,5526.0,2014
Kepler-251c,,0.247,16.514043,0.122,,transit,3090.0,0.91,5526.0,2014
Kepler-251d,,0.247,30.133001,0.182,,transit,3090.0,0.91,5526.0,2014
Kepler-251e,,0.247,99.640161,0.404,,transit,3090.0,0.91,5526.0,2014
Kepler-252b,,0.11,6.668391,0.058,,transit,1251.0,0.52,4208.0,2014
Kepler-252c,,0.192,10.848463,0.08,,transit,1251.0,0.52,4208.0,2014
Kepler-253b,,0.145,3.783986,0.046,,transit,2800.0,,5208.0,2014
Kepler-253c,,0.236,10.281951,0.089,,transit,2800.0,,5208.0,2014
Kepler-253d,,0.283,18.119869,0.13,,transit,2800.0,,5208.0,2014
Kepler-254b,,0.345,5.826662,0.064,,transit,4700.0,,5957.0,2014
Kepler-254c,,0.192,12.412183,0.105,,transit,4700.0,,5957.0,2014
Kepler-254d,,0.223,18.746477,0.139,,transit,4700.0,,5957.0,2014
Kepler-255b,,0.138,5.714606,0.063,,transit,3530.0,0.97,5573.0,2014
Kepler-255c,,0.267,9.946047,0.092,,transit,3530.0,0.97,5573.0,2014
Kepler-256b,,0.142,1.620493,0.027,,transit,3440.0,1.02,5551.0,2014
Kepler-256c,,0.192,3.38802,0.045,,transit,3440.0,1.02,5551.0,2014
Kepler-256d,,0.221,5.839172,0.064,,transit,3440.0,1.02,5551.0,2014
Kepler-256e,,0.21,10.681572,0.096,,transit,3440.0,1.02,5551.0,2014
Kepler-257b,,0.233,2.382667,0.034,,transit,2600.0,,5180.0,2014
Kepler-257c,,0.483,6.581484,0.066,,transit,2600.0,,5180.0,2014
Kepler-257d,,0.442,24.664551,0.16,,transit,2600.0,,5180.0,2014
Kepler-258b,,0.362,13.19722,0.103,,transit,1900.0,0.8,4942.0,2014
Kepler-258c,,0.322,33.653079,0.193,,transit,1900.0,0.8,4942.0,2014
Kepler-259b,,0.25,8.115317,0.079,,transit,3360.0,,5938.0,2014
Kepler-259c,,0.241,36.924931,0.217,,transit,3360.0,,5938.0,2014
Kepler-260b,,0.179,8.187399,0.075,,transit,2080.0,0.88,5250.0,2014
Kepler-260c,,0.155,76.050178,0.332,,transit,2080.0,0.88,5250.0,2014
Kepler-261b,,0.194,10.381227,0.088,,transit,1044.0,0.87,5098.0,2014
Kepler-261c,,0.178,24.570858,0.156,,transit,1044.0,0.87,5098.0,2014
Kepler-262b,,0.121,13.060855,0.108,,transit,2030.0,,5841.0,2014
Kepler-262c,,0.146,21.853722,0.152,,transit,2030.0,,5841.0,2014
Kepler-263b,,0.238,16.568087,0.12,,transit,2510.0,,5265.0,2014
Kepler-263c,,0.22,47.332773,0.242,,transit,2510.0,,5265.0,2014
Kepler-264b,,0.297,40.806231,0.249,,transit,3150.0,1.32,6158.0,2014
Kepler-264c,,0.252,140.101261,0.566,,transit,3150.0,1.32,6158.0,2014
Kepler-265b,,0.166,6.846262,0.069,,transit,4330.0,1.03,5835.0,2014
Kepler-265c,,0.235,17.028937,0.127,,transit,4330.0,1.03,5835.0,2014
Kepler-265d,,0.222,43.130617,0.236,,transit,4330.0,1.03,5835.0,2014
Kepler-265e,,0.231,67.831024,0.319,,transit,4330.0,1.03,5835.0,2014
Kepler-266b,,0.221,6.61833,0.071,,transit,4640.0,0.99,5885.0,2014
Kepler-266c,,0.347,107.723601,0.457,,transit,4640.0,0.99,5885.0,2014
Kepler-267b,,0.177,3.353728,0.037,,transit,870.0,0.56,4258.0,2014
Kepler-267c,,0.19,6.87745,0.06,,transit,870.0,0.56,4258.0,2014
Kepler-267d,,0.203,28.464515,0.154,,transit,870.0,0.56,4258.0,2014
Kepler-268b,,0.227,25.934138,0.18,,transit,2840.0,,6081.0,2014
Kepler-268c,,0.302,83.446393,0.391,,transit,2840.0,,6081.0,2014
Kepler-269b,,0.22,5.326718,0.061,,transit,7900.0,0.98,5847.0,2014
Kepler-269c,,0.151,8.127899,0.081,,transit,7900.0,0.98,5847.0,2014
Kepler-270b,,0.179,11.476094,0.107,,transit,3180.0,,6067.0,2014
Kepler-270c,,0.158,25.262887,0.18,,transit,3180.0,,6067.0,2014
Kepler-271b,,0.079,5.217738,0.056,,transit,1334.0,,5524.0,2014
Kepler-271c,,0.089,7.410935,0.071,,transit,1334.0,,5524.0,2014
Kepler-272b,,0.128,2.971353,0.038,,transit,2970.0,0.79,5297.0,2014
Kepler-272c,,0.16,6.057342,0.061,,transit,2970.0,0.79,5297.0,2014
Kepler-272d,,0.201,10.937304,0.091,,transit,2970.0,0.79,5297.0,2014
Kepler-273b,,0.134,2.936532,0.037,,transit,2370.0,,5626.0,2014
Kepler-273c,,0.177,8.014927,0.073,,transit,2370.0,,5626.0,2014
Kepler-274b,,0.137,11.634788,0.101,,transit,4510.0,,6023.0,2014
Kepler-274c,,0.164,33.197861,0.204,,transit,4510.0,,6023.0,2014
Kepler-275b,,0.209,10.300682,0.098,,transit,7000.0,1.24,6165.0,2014
Kepler-275c,,0.302,16.088134,0.132,,transit,7000.0,1.24,6165.0,2014
Kepler-275d,,0.297,35.676062,0.224,,transit,7000.0,1.24,6165.0,2014
Kepler-276b,,0.256,14.12841,0.119,,transit,3850.0,1.1,6105.0,2014
Kepler-278b,,0.363,30.160546,0.207,,transit,1460.0,,4991.0,2014
Kepler-278c,,0.32,51.078775,0.294,,transit,1460.0,,4991.0,2014
Kepler-280b,,0.129,2.139542,0.032,,transit,2600.0,0.91,5744.0,2014
Kepler-280c,,0.179,4.807091,0.056,,transit,2600.0,0.91,5744.0,2014
Kepler-281b,,0.252,14.646008,0.117,,transit,6000.0,0.98,5723.0,2014
Kepler-281c,,0.474,36.337373,0.215,,transit,6000.0,0.98,5723.0,2014
Kepler-282b,,0.09,9.220524,0.082,,transit,4530.0,0.97,5602.0,2014
Kepler-282c,,0.107,13.638723,0.106,,transit,4530.0,0.97,5602.0,2014
Kepler-283b,,0.19,11.008151,0.082,,transit,1540.0,,4351.0,2014
Kepler-283c,,0.162,92.743711,0.341,,transit,1540.0,,4351.0,2014
Kepler-284b,,0.2,12.699149,0.104,,transit,3460.0,,5615.0,2014
Kepler-284c,,0.233,37.514456,0.213,,transit,3460.0,,5615.0,2014
Kepler-285b,,0.12,2.633867,0.036,,transit,2750.0,0.85,5411.0,2014
Kepler-285c,,0.1,6.186676,0.064,,transit,2750.0,0.85,5411.0,2014
Kepler-286b,,0.111,1.796302,0.027,,transit,4100.0,,5580.0,2014
Kepler-286c,,0.122,3.468095,0.042,,transit,4100.0,,5580.0,2014
Kepler-286d,,0.119,5.914323,0.061,,transit,4100.0,,5580.0,2014
Kepler-286e,,0.158,29.221289,0.176,,transit,4100.0,,5580.0,2014
Kepler-287b,,0.208,20.342199,0.145,,transit,2790.0,,5806.0,2014
Kepler-287c,,0.291,44.851896,0.246,,transit,2790.0,,5806.0,2014
Kepler-288b,,0.149,6.097326,0.065,,transit,4030.0,0.89,5918.0,2014
Kepler-288c,,0.254,19.305772,0.14,,transit,4030.0,0.89,5918.0,2014
Kepler-288d,,0.238,56.633742,0.287,,transit,4030.0,0.89,5918.0,2014
Kepler-289b,0.023,0.192,34.545,0.21,,transit,2340.0,1.08,5990.0,2014
Kepler-289c,0.42,1.034,125.8518,0.51,,transit,2340.0,1.08,5990.0,2014
Kepler-289d,0.013,0.239,66.0634,0.33,,transit,2340.0,1.08,5990.0,2014
Kepler-290b,,0.201,14.589347,0.11,,transit,2310.0,,5147.0,2014
Kepler-290c,,0.241,36.77031,0.205,,transit,2310.0,,5147.0,2014
Kepler-291b,,0.193,3.546511,0.047,,transit,6100.0,1.03,6002.0,2014
Kepler-291c,,0.168,5.700786,0.065,,transit,6100.0,1.03,6002.0,2014
Kepler-292b,,0.118,2.580827,0.035,,transit,3540.0,0.88,5299.0,2014
Kepler-292c,,0.131,3.715335,0.045,,transit,3540.0,0.88,5299.0,2014
Kepler-292d,,0.199,7.055679,0.068,,transit,3540.0,0.88,5299.0,2014
Kepler-292e,,0.238,11.97901,0.097,,transit,3540.0,0.88,5299.0,2014
Kepler-292f,,0.21,20.834237,0.141,,transit,3540.0,0.88,5299.0,2014
Kepler-293b,,0.274,19.254196,0.144,,transit,3260.0,1.01,5804.0,2014
Kepler-293c,,0.342,54.155743,0.286,,transit,3260.0,1.01,5804.0,2014
Kepler-294b,,0.158,3.701212,0.048,,transit,4600.0,,5913.0,2014
Kepler-294c,,0.242,6.6264,0.071,,transit,4600.0,,5913.0,2014
Kepler-295b,,0.109,12.645164,0.099,,transit,5800.0,,5603.0,2014
Kepler-295c,,0.104,21.526258,0.142,,transit,5800.0,,5603.0,2014
Kepler-295d,,0.121,33.884054,0.192,,transit,5800.0,,5603.0,2014
Kepler-296b,,0.144,10.864384,0.079,,transit,740.0,0.5,3740.0,2014
Kepler-296c,,0.178,5.8416366,0.0521,,transit,740.0,0.5,3740.0,2014
Kepler-296d,,0.186,19.850291,0.118,,transit,740.0,0.5,3740.0,2014
Kepler-296e,,0.136,34.14211,0.169,,transit,740.0,0.5,3740.0,2014
Kepler-296f,,0.161,63.33627,0.255,,transit,740.0,0.5,3740.0,2014
Kepler-297b,,0.256,38.871826,0.217,,transit,2300.0,,5619.0,2014
Kepler-297c,,0.583,74.920137,0.336,,transit,2300.0,,5619.0,2014
Kepler-298b,,0.175,10.475464,0.08,,transit,1710.0,0.65,4465.0,2014
Kepler-298c,,0.172,22.92881,0.136,,transit,1710.0,0.65,4465.0,2014
Kepler-298d,,0.223,77.473633,0.305,,transit,1710.0,0.65,4465.0,2014
Kepler-299b,,0.118,2.927128,0.04,,transit,3530.0,0.97,5617.0,2014
Kepler-299c,,0.236,6.885875,0.07,,transit,3530.0,0.97,5617.0,2014
Kepler-299d,,0.166,15.054786,0.118,,transit,3530.0,0.97,5617.0,2014
Kepler-299e,,0.167,38.285489,0.22,,transit,3530.0,0.97,5617.0,2014
Kepler-300b,,0.149,10.446347,0.094,,transit,3690.0,0.94,5986.0,2014
Kepler-300c,,0.201,40.714955,0.232,,transit,3690.0,0.94,5986.0,2014
Kepler-301b,,0.12,2.508553,0.036,,transit,2390.0,0.91,5815.0,2014
Kepler-301c,,0.12,5.419026,0.06,,transit,2390.0,0.91,5815.0,2014
Kepler-301d,,0.156,13.751243,0.112,,transit,2390.0,0.91,5815.0,2014
Kepler-302b,,0.362,30.184104,0.193,,transit,4760.0,,5740.0,2014
Kepler-302c,,1.111,127.282184,0.503,,transit,4760.0,,5740.0,2014
Kepler-303b,,0.079,1.937055,0.024,,transit,688.0,0.59,3944.0,2014
Kepler-303c,,0.102,7.061149,0.057,,transit,688.0,0.59,3944.0,2014
Kepler-304b,,0.255,3.295709,0.039,,transit,1435.0,0.8,4731.0,2014
Kepler-304c,,0.194,5.315946,0.054,,transit,1435.0,0.8,4731.0,2014
Kepler-304d,,0.245,9.653471,0.08,,transit,1435.0,0.8,4731.0,2014
Kepler-305d,,0.242,16.738661,0.121,,transit,2900.0,0.76,5100.0,2014
Kepler-306b,,0.136,4.646186,0.05,,transit,2580.0,0.82,4954.0,2014
Kepler-306c,,0.21,7.240193,0.067,,transit,2580.0,0.82,4954.0,2014
Kepler-306d,,0.22,17.326644,0.12,,transit,2580.0,0.82,4954.0,2014
Kepler-306e,,0.203,44.840975,0.227,,transit,2580.0,0.82,4954.0,2014
Kepler-308b,,0.189,9.694928,0.09,,transit,4500.0,,5895.0,2014
Kepler-308c,,0.193,15.38231,0.123,,transit,4500.0,,5895.0,2014
Kepler-309b,,0.139,5.923653,0.059,,transit,1804.0,,4713.0,2014
Kepler-309c,,0.224,105.356383,0.401,,transit,1804.0,,4713.0,2014
Kepler-310b,,0.106,13.930698,0.111,,transit,1990.0,0.85,5797.0,2014
Kepler-310c,,0.302,56.47542,0.281,,transit,1990.0,0.85,5797.0,2014
Kepler-310d,,0.22,92.876125,0.392,,transit,1990.0,0.85,5797.0,2014
Kepler-311b,,0.152,9.176092,0.087,,transit,2590.0,1.06,5905.0,2014
Kepler-311c,,0.128,19.738286,0.145,,transit,2590.0,1.06,5905.0,2014
Kepler-312b,,0.115,1.772419,0.031,,transit,2660.0,1.23,6115.0,2014
Kepler-312c,,0.281,19.747412,0.153,,transit,2660.0,1.23,6115.0,2014
Kepler-313b,,0.226,14.970418,0.125,,transit,3500.0,0.9,5727.0,2014
Kepler-313c,,0.229,32.273273,0.208,,transit,3500.0,0.9,5727.0,2014
Kepler-314b,,0.074,2.461069,0.035,,transit,883.0,1.02,5378.0,2014
Kepler-314c,,0.259,5.960392,0.064,,transit,883.0,1.02,5378.0,2014
Kepler-315b,,0.336,96.101141,0.402,,transit,3910.0,0.78,5796.0,2014
Kepler-315c,,0.37,265.469335,0.791,,transit,3910.0,0.78,5796.0,2014
Kepler-316b,,0.095,2.240508,0.027,,transit,1269.0,0.53,4204.0,2014
Kepler-316c,,0.103,6.827766,0.058,,transit,1269.0,0.53,4204.0,2014
Kepler-317b,,0.186,5.524242,0.061,,transit,3150.0,0.95,5497.0,2014
Kepler-317c,,0.153,8.77501,0.083,,transit,3150.0,0.95,5497.0,2014
Kepler-318b,,0.42,4.662715,0.056,,transit,1618.0,1.05,5746.0,2014
Kepler-318c,,0.328,11.815007,0.105,,transit,1618.0,1.05,5746.0,2014
Kepler-319b,,0.145,4.362705,0.051,,transit,1666.0,1.29,5526.0,2014
Kepler-319c,,0.235,6.941357,0.069,,transit,1666.0,1.29,5526.0,2014
Kepler-319d,,0.204,31.781925,0.191,,transit,1666.0,1.29,5526.0,2014
Kepler-320b,,0.102,8.371554,0.085,,transit,2760.0,,6435.0,2014
Kepler-320c,,0.122,17.934937,0.142,,transit,2760.0,,6435.0,2014
Kepler-321b,,0.158,4.915379,0.057,,transit,1268.0,1.01,5740.0,2014
Kepler-321c,,0.207,13.093921,0.11,,transit,1268.0,1.01,5740.0,2014
Kepler-322b,,0.09,1.653888,0.027,,transit,1321.0,0.91,5388.0,2014
Kepler-322c,,0.149,4.337234,0.051,,transit,1321.0,0.91,5388.0,2014
Kepler-323b,,0.128,1.678327,0.028,,transit,1500.0,1.09,5987.0,2014
Kepler-323c,,0.145,3.553822,0.046,,transit,1500.0,1.09,5987.0,2014
Kepler-324b,,0.102,4.385315,0.05,,transit,1659.0,0.86,5194.0,2014
Kepler-324c,,0.281,51.805612,0.26,,transit,1659.0,0.86,5194.0,2014
Kepler-325b,,0.26,4.544439,0.053,,transit,2740.0,0.87,5752.0,2014
Kepler-325c,,0.227,12.762172,0.105,,transit,2740.0,0.87,5752.0,2014
Kepler-325d,,0.249,38.715185,0.22,,transit,2740.0,0.87,5752.0,2014
Kepler-326b,,0.136,2.248329,0.032,,transit,1610.0,0.98,5105.0,2014
Kepler-326c,,0.125,4.580358,0.051,,transit,1610.0,0.98,5105.0,2014
Kepler-326d,,0.108,6.766888,0.066,,transit,1610.0,0.98,5105.0,2014
Kepler-327b,,0.099,2.549575,0.029,,transit,794.0,0.55,3799.0,2014
Kepler-327c,,0.092,5.212333,0.047,,transit,794.0,0.55,3799.0,2014
Kepler-327d,,0.154,13.969457,0.09,,transit,794.0,0.55,3799.0,2014
Kepler-329b,,0.125,7.416397,0.061,,transit,1450.0,0.53,4257.0,2014
Kepler-329c,,0.172,18.684737,0.113,,transit,1450.0,0.53,4257.0,2014
Kepler-330b,,0.12,8.25978,0.075,,transit,2380.0,0.78,5117.0,2014
Kepler-330c,,0.174,15.955387,0.116,,transit,2380.0,0.78,5117.0,2014
Kepler-331b,,0.162,8.457496,0.065,,transit,1920.0,0.51,4347.0,2014
Kepler-331c,,0.164,17.28111,0.105,,transit,1920.0,0.51,4347.0,2014
Kepler-331d,,0.146,32.134328,0.159,,transit,1920.0,0.51,4347.0,2014
Kepler-332b,,0.104,7.626324,0.07,,transit,1133.0,0.8,4955.0,2014
Kepler-332c,,0.097,15.995622,0.114,,transit,1133.0,0.8,4955.0,2014
Kepler-332d,,0.105,34.21154,0.189,,transit,1133.0,0.8,4955.0,2014
Kepler-333b,,0.118,12.551158,0.087,,transit,1068.0,0.54,4259.0,2014
Kepler-333c,,0.099,24.08821,0.135,,transit,1068.0,0.54,4259.0,2014
Kepler-334b,,0.1,5.470319,0.061,,transit,1408.0,1.0,5828.0,2014
Kepler-334c,,0.128,12.758005,0.107,,transit,1408.0,1.0,5828.0,2014
Kepler-334d,,0.126,25.09849,0.168,,transit,1408.0,1.0,5828.0,2014
Kepler-335b,,0.302,6.562331,0.075,,transit,4320.0,0.99,5877.0,2014
Kepler-335c,,0.274,67.844469,0.356,,transit,4320.0,0.99,5877.0,2014
Kepler-336b,,0.091,2.024823,0.033,,transit,8000.0,0.89,5867.0,2014
Kepler-336c,,0.187,9.600001,0.092,,transit,8000.0,0.89,5867.0,2014
Kepler-336d,,0.211,20.678772,0.154,,transit,8000.0,0.89,5867.0,2014
Kepler-337b,,0.137,3.292781,0.045,,transit,2250.0,0.96,5684.0,2014
Kepler-337c,,0.183,9.693201,0.093,,transit,2250.0,0.96,5684.0,2014
Kepler-338b,,0.218,13.726976,0.117,,transit,1830.0,1.1,5923.0,2014
Kepler-338c,,0.209,24.310856,0.172,,transit,1830.0,1.1,5923.0,2014
Kepler-338d,,0.268,44.431014,0.257,,transit,1830.0,1.1,5923.0,2014
Kepler-338e,0.027,0.139,9.341,,,timing,1830.0,1.1,5923.0,2014
Kepler-339b,,0.127,4.977656,0.055,,transit,2040.0,0.84,5631.0,2014
Kepler-339c,,0.103,6.988055,0.069,,transit,2040.0,0.84,5631.0,2014
Kepler-339d,,0.104,10.558345,0.091,,transit,2040.0,0.84,5631.0,2014
Kepler-340b,,0.226,14.844387,0.134,,transit,2690.0,2.11,6620.0,2014
Kepler-340c,,0.301,22.824669,0.178,,transit,2690.0,2.11,6620.0,2014
Kepler-341b,,0.105,5.195528,0.06,,transit,3520.0,0.94,6012.0,2014
Kepler-341c,,0.152,8.01041,0.08,,transit,3520.0,0.94,6012.0,2014
Kepler-341d,,0.165,27.666313,0.182,,transit,3520.0,0.94,6012.0,2014
Kepler-341e,,0.178,42.473269,0.242,,transit,3520.0,0.94,6012.0,2014
Kepler-342b,,0.201,15.170318,0.128,,transit,2600.0,1.13,6175.0,2014
Kepler-342c,,0.175,26.234138,0.185,,transit,2600.0,1.13,6175.0,2014
Kepler-342d,,0.222,39.459357,0.242,,transit,2600.0,1.13,6175.0,2014
Kepler-343b,,0.215,8.96855,0.088,,transit,3100.0,1.04,5807.0,2014
Kepler-343c,,0.18,23.22182,0.167,,transit,3100.0,1.04,5807.0,2014
Kepler-344b,,0.233,21.963945,0.153,,transit,3360.0,0.9,5774.0,2014
Kepler-344c,,0.263,125.596809,0.488,,transit,3360.0,0.9,5774.0,2014
Kepler-345b,,0.066,7.415563,0.066,,transit,1180.0,0.59,4504.0,2014
Kepler-345c,,0.107,9.387427,0.077,,transit,1180.0,0.59,4504.0,2014
Kepler-346b,,0.237,6.511127,0.071,,transit,3300.0,0.97,6033.0,2014
Kepler-346c,,0.274,23.851549,0.168,,transit,3300.0,0.97,6033.0,2014
Kepler-347b,,0.176,12.79836,0.11,,transit,4400.0,1.04,6088.0,2014
Kepler-347c,,0.156,27.320871,0.183,,transit,4400.0,1.04,6088.0,2014
Kepler-348b,,0.136,7.05677,0.076,,transit,1890.0,1.15,6177.0,2014
Kepler-348c,,0.119,17.265427,0.138,,transit,1890.0,1.15,6177.0,2014
Kepler-349b,,0.17,5.929778,0.065,,transit,3150.0,0.97,5956.0,2014
Kepler-349c,,0.175,12.247629,0.105,,transit,3150.0,0.97,5956.0,2014
Kepler-350b,,0.165,11.189562,0.104,,transit,3200.0,1.0,6186.0,2014
Kepler-351b,,0.273,37.054919,0.214,,transit,3640.0,0.89,5643.0,2014
Kepler-351c,,0.285,57.24809,0.287,,transit,3640.0,0.89,5643.0,2014
Kepler-352b,,0.077,10.05537,0.085,,transit,830.0,0.79,5212.0,2014
Kepler-352c,,0.111,16.332995,0.118,,transit,830.0,0.79,5212.0,2014
Kepler-353b,,0.079,5.795278,0.051,,transit,1268.0,0.54,3903.0,2014
Kepler-353c,,0.123,8.410894,0.065,,transit,1268.0,0.54,3903.0,2014
Kepler-354b,,0.164,5.47666,0.054,,transit,1830.0,0.65,4648.0,2014
Kepler-354c,,0.117,16.934402,0.115,,transit,1830.0,0.65,4648.0,2014
Kepler-354d,,0.111,24.209842,0.146,,transit,1830.0,0.65,4648.0,2014
Kepler-355b,,0.13,11.03189,0.102,,transit,4870.0,1.05,6184.0,2014
Kepler-355c,,0.242,25.762294,0.179,,transit,4870.0,1.05,6184.0,2014
Kepler-356b,,0.14,4.612696,0.057,,transit,2350.0,0.97,6133.0,2014
Kepler-356c,,0.161,13.121632,0.115,,transit,2350.0,0.97,6133.0,2014
Kepler-357b,,0.164,6.475434,0.063,,transit,2290.0,0.78,5036.0,2014
Kepler-357c,,0.238,16.85837,0.12,,transit,2290.0,0.78,5036.0,2014
Kepler-357d,,0.306,49.499875,0.246,,transit,2290.0,0.78,5036.0,2014
Kepler-358b,,0.243,34.060467,0.21,,transit,3700.0,0.95,5908.0,2014
Kepler-358c,,0.254,83.488369,0.381,,transit,3700.0,0.95,5908.0,2014
Kepler-359b,,0.315,25.563222,0.178,,transit,4900.0,1.07,6248.0,2014
Kepler-359c,,0.384,57.68802,0.307,,transit,4900.0,1.07,6248.0,2014
Kepler-359d,,0.358,77.095691,0.372,,transit,4900.0,1.07,6248.0,2014
Kepler-360b,,0.147,3.289672,0.044,,transit,2930.0,0.95,6053.0,2014
Kepler-360c,,0.187,7.186434,0.075,,transit,2930.0,0.95,6053.0,2014
Kepler-361b,,0.129,8.486616,0.086,,transit,3110.0,1.07,6169.0,2014
Kepler-361c,,0.225,55.188023,0.3,,transit,3110.0,1.07,6169.0,2014
Kepler-362b,,0.079,10.327186,0.087,,transit,3660.0,0.77,5788.0,2014
Kepler-362c,,0.129,37.866281,0.207,,transit,3660.0,0.77,5788.0,2014
Kepler-363b,,0.103,3.614568,0.048,,transit,2540.0,1.23,5593.0,2014
Kepler-363c,,0.151,7.542427,0.079,,transit,2540.0,1.23,5593.0,2014
Kepler-363d,,0.183,11.932125,0.107,,transit,2540.0,1.23,5593.0,2014
Kepler-364b,,0.138,25.745718,0.178,,transit,2980.0,1.2,6108.0,2014
Kepler-364c,,0.192,59.980627,0.312,,transit,2980.0,1.2,6108.0,2014
Kepler-365b,,0.182,10.664903,0.098,,transit,2800.0,0.99,6012.0,2014
Kepler-365c,,0.146,17.784129,0.137,,transit,2800.0,0.99,6012.0,2014
Kepler-366b,,0.13,3.281959,0.045,,transit,6400.0,1.05,6209.0,2014
Kepler-366c,,0.16,12.51616,0.11,,transit,6400.0,1.05,6209.0,2014
Kepler-367b,,0.116,37.815724,0.201,,transit,616.0,0.75,4710.0,2014
Kepler-367c,,0.107,53.578637,0.253,,transit,616.0,0.75,4710.0,2014
Kepler-368b,,0.291,26.84768,0.186,,transit,2570.0,0.71,5502.0,2014
Kepler-368c,,0.346,72.379334,0.36,,transit,2570.0,0.71,5502.0,2014
Kepler-369b,,0.101,2.732756,0.03,,transit,840.0,0.54,3591.0,2014
Kepler-369c,,0.126,14.871572,0.094,,transit,840.0,0.54,3591.0,2014
Kepler-370b,,0.142,4.57953,0.054,,transit,3930.0,0.94,5852.0,2014
Kepler-370c,,0.17,19.02293,0.14,,transit,3930.0,0.94,5852.0,2014
Kepler-371b,,0.169,34.763278,0.2,,transit,2710.0,0.94,5666.0,2014
Kepler-371c,,0.159,67.968015,0.313,,transit,2710.0,0.94,5666.0,2014
Kepler-372b,,0.121,6.849692,0.075,,transit,5090.0,1.15,6509.0,2014
Kepler-372c,,0.186,20.053763,0.154,,transit,5090.0,1.15,6509.0,2014
Kepler-372d,,0.151,30.092568,0.201,,transit,5090.0,1.15,6509.0,2014
Kepler-373b,,0.121,5.535309,0.06,,transit,3670.0,0.87,5787.0,2014
Kepler-373c,,0.111,16.725948,0.126,,transit,3670.0,0.87,5787.0,2014
Kepler-374b,,0.092,1.897806,0.029,,transit,4280.0,0.84,5977.0,2014
Kepler-374c,,0.098,3.282807,0.042,,transit,4280.0,0.84,5977.0,2014
Kepler-374d,,0.117,5.028219,0.056,,transit,4280.0,0.84,5977.0,2014
Kepler-375b,,0.129,12.125934,0.101,,transit,4180.0,0.89,5826.0,2014
Kepler-375c,,0.236,19.986326,0.141,,transit,4180.0,0.89,5826.0,2014
Kepler-376b,,0.095,4.920199,0.057,,transit,3090.0,1.05,5900.0,2014
Kepler-376c,,0.16,14.172327,0.115,,transit,3090.0,1.05,5900.0,2014
Kepler-377b,,0.124,12.509529,0.109,,transit,2750.0,0.88,5949.0,2014
Kepler-377c,,0.184,27.014976,0.182,,transit,2750.0,0.88,5949.0,2014
Kepler-378b,,0.067,16.092361,0.112,,transit,498.3,0.96,4661.0,2014
Kepler-378c,,0.062,28.906009,0.166,,transit,498.3,0.96,4661.0,2014
Kepler-379b,,0.148,20.09838,0.152,,transit,2430.0,1.08,6054.0,2014
Kepler-379c,,0.204,62.784697,0.326,,transit,2430.0,1.08,6054.0,2014
Kepler-380b,,0.106,3.930821,0.05,,transit,2710.0,1.05,6045.0,2014
Kepler-380c,,0.113,7.630004,0.078,,transit,2710.0,1.05,6045.0,2014
Kepler-381b,,0.088,5.629021,0.066,,transit,878.0,1.34,6152.0,2014
Kepler-381c,,0.1,13.391635,0.117,,transit,878.0,1.34,6152.0,2014
Kepler-382b,,0.118,5.262155,0.055,,transit,3130.0,0.8,5600.0,2014
Kepler-382c,,0.142,12.162701,0.097,,transit,3130.0,0.8,5600.0,2014
Kepler-383b,,0.118,12.904532,0.095,,transit,1695.0,0.67,4710.0,2014
Kepler-383c,,0.111,31.200751,0.172,,transit,1695.0,0.67,4710.0,2014
Kepler-384b,,0.1,22.597053,0.148,,transit,2990.0,0.76,5577.0,2014
Kepler-384c,,0.101,45.348269,0.236,,transit,2990.0,0.76,5577.0,2014
Kepler-385b,,0.244,10.043686,0.097,,transit,4870.0,1.09,6326.0,2014
Kepler-385c,,0.271,15.163161,0.127,,transit,4870.0,1.09,6326.0,2014
Kepler-386b,,0.124,12.31043,0.096,,transit,2950.0,0.74,5178.0,2014
Kepler-386c,,0.141,25.193458,0.155,,transit,2950.0,0.74,5178.0,2014
Kepler-387b,,0.092,6.791636,0.068,,transit,2670.0,1.03,5774.0,2014
Kepler-387c,,0.079,11.837549,0.098,,transit,2670.0,1.03,5774.0,2014
Kepler-388b,,0.072,3.173315,0.036,,transit,2000.0,0.59,4498.0,2014
Kepler-388c,,0.077,13.297004,0.093,,transit,2000.0,0.59,4498.0,2014
Kepler-389b,,0.135,3.244107,0.041,,transit,2720.0,0.78,5376.0,2014
Kepler-389c,,0.13,14.51143,0.11,,transit,2720.0,0.78,5376.0,2014
Kepler-390b,,0.073,6.738088,0.065,,transit,1437.0,0.67,5166.0,2014
Kepler-390c,,0.07,13.060022,0.101,,transit,1437.0,0.67,5166.0,2014
Kepler-391b,,0.285,7.416755,0.082,,transit,2900.0,1.22,4940.0,2014
Kepler-391c,,0.316,20.485435,0.161,,transit,2900.0,1.22,4940.0,2014
Kepler-392b,,0.089,5.341853,0.059,,transit,2260.0,1.13,5938.0,2014
Kepler-392c,,0.098,10.423118,0.093,,transit,2260.0,1.13,5938.0,2014
Kepler-393b,,0.115,9.182417,0.091,,transit,2940.0,1.32,6189.0,2014
Kepler-393c,,0.119,14.613612,0.124,,transit,2940.0,1.32,6189.0,2014
Kepler-394b,,0.143,8.005013,0.083,,transit,3560.0,1.11,6402.0,2014
Kepler-394c,,0.148,12.130686,0.11,,transit,3560.0,1.11,6402.0,2014
Kepler-395b,,0.092,7.054346,0.061,,transit,1390.0,0.53,4262.0,2014
Kepler-395c,,0.118,34.989262,0.177,,transit,1390.0,0.53,4262.0,2014
Kepler-397b,,0.219,22.250949,0.144,,transit,3760.0,,5307.0,2014
Kepler-397c,,0.551,135.498527,0.48,,transit,3760.0,,5307.0,2014
Kepler-398b,,0.083,4.081423,0.044,,transit,581.4,,4493.0,2014
Kepler-398c,,0.09,11.419412,0.087,,transit,581.4,,4493.0,2014
Kepler-399b,,0.086,14.425281,0.103,,transit,4400.0,,5502.0,2014
Kepler-399c,,0.128,26.67569,0.155,,transit,4400.0,,5502.0,2014
Kepler-399d,,0.169,58.034616,0.261,,transit,4400.0,,5502.0,2014
Kepler-400b,,0.147,9.024389,0.087,,transit,2340.0,,5886.0,2014
Kepler-400c,,0.133,17.340824,0.134,,transit,2340.0,,5886.0,2014
Kepler-401b,,0.153,14.383035,0.122,,transit,3230.0,,6117.0,2014
Kepler-401c,,0.192,47.318218,0.269,,transit,3230.0,,6117.0,2014
Kepler-402b,,0.109,4.028751,0.051,,transit,2070.0,,6090.0,2014
Kepler-402c,,0.139,6.124821,0.068,,transit,2070.0,,6090.0,2014
Kepler-402d,,0.123,8.921099,0.087,,transit,2070.0,,6090.0,2014
Kepler-402e,,0.13,11.242861,0.102,,transit,2070.0,,6090.0,2014
Kepler-403b,,0.112,7.031462,0.076,,transit,2800.0,,6090.0,2014
Kepler-403c,,0.156,54.280749,0.297,,transit,2800.0,,6090.0,2014
Kepler-404b,,0.113,11.829851,0.102,,transit,2710.0,,5654.0,2014
Kepler-404c,,0.153,14.751166,0.118,,transit,2710.0,,5654.0,2014
Kepler-405b,,0.186,10.613839,0.095,,transit,3570.0,,5818.0,2014
Kepler-405c,,0.416,29.726682,0.188,,transit,3570.0,,5818.0,2014
Kepler-406b,0.02,0.128,2.42629,,,transit,1199.0,1.07,5538.0,2014
Kepler-406c,0.009,0.076,4.62332,,,transit,1199.0,1.07,5538.0,2014
Kepler-407b,,0.095,0.66931,,,transit,1114.0,1.0,5476.0,2014
Kepler-407c,12.6,,3000.0,,,radial vel.,1114.0,1.0,5476.0,2014
Kepler-408b,,0.073,2.46502,,,transit,290.3,1.08,6104.0,2014
Kepler-409b,,0.106,68.9584,,,transit,222.8,0.92,5460.0,2014
Kepler-412b,0.941,1.341,1.7208604,0.02897,,transit,3650.0,1.17,5750.0,2014
Kepler-413b,0.211,0.388,66.262,0.3553,,transit,2830.0,0.82,4700.0,2014
Kepler-414b,0.011,0.153,4.7,,,timing,1364.0,0.89,,2014
Kepler-414c,0.094,0.269,7.171,,,timing,1364.0,0.89,,2014
Kepler-415b,0.377,0.108,4.176,,,timing,1750.0,0.67,,2014
Kepler-415c,,,8.708,,,transit,1750.0,0.67,,2014
Kepler-416b,0.183,0.221,6.319,,,timing,2290.0,1.0,,2014
Kepler-416c,,,12.209,,,transit,2290.0,1.0,,2014
Kepler-417b,0.035,0.206,12.331,,,transit,3250.0,0.9,,2014
Kepler-417c,,,15.943,,,transit,3250.0,0.9,,2014
Kepler-418b,1.1,1.2,86.67856,,,transit,3360.0,0.98,5820.0,2014
Kepler-419b,2.5,0.96,69.7546,0.37,,transit,3390.0,1.39,6430.0,2014
Kepler-419c,7.3,,675.47,1.68,,timing,3390.0,1.39,6430.0,2014
Kepler-420Ab,1.45,0.94,86.647661,0.382,511.0,transit,2900.0,0.99,5520.0,2014
Kepler-421b,,0.371,704.1984,1.219,,transit,1148.0,0.79,5308.0,2014
Kepler-422b,0.43,1.15,7.8914483,0.082,,transit,2400.0,1.15,5972.0,2014
Kepler-423b,0.595,1.192,2.6843285,0.03585,1605.0,transit,2520.0,0.85,5560.0,2014
Kepler-424b,1.03,0.89,3.3118644,0.044,,transit,2320.0,1.01,5460.0,2014
Kepler-424c,6.97,,223.3,0.73,,radial vel.,2320.0,1.01,5460.0,2014
Kepler-425b,0.25,0.978,3.79701816,0.0464,1070.0,transit,2140.0,0.93,5170.0,2014
Kepler-426b,0.34,1.09,3.21751883,0.0414,1300.0,transit,2810.0,0.91,5725.0,2014
Kepler-427b,0.29,1.23,10.290994,0.091,1100.0,transit,3410.0,0.96,5800.0,2014
Kepler-428b,1.27,1.08,3.52563254,0.0433,1070.0,transit,2280.0,0.87,5150.0,2014
Kepler-430b,,0.29,35.968,0.2244,667.0,transit,3070.0,1.17,5884.0,2014
Kepler-430c,,0.16,110.979,0.4757,458.0,transit,3070.0,1.17,5884.0,2014
Kepler-431b,,0.068,6.803,0.0719,1032.0,transit,1609.0,1.07,6004.0,2014
Kepler-431c,,0.06,8.703,0.0847,951.0,transit,1609.0,1.07,6004.0,2014
Kepler-431d,,0.1,11.922,0.1045,856.0,transit,1609.0,1.07,6004.0,2014
Kepler-432b,5.41,1.145,52.501129,0.301,,transit,2830.0,1.32,4995.0,2014
Kepler-432c,2.43,,406.2,,,radial vel.,2830.0,1.32,4995.0,2014
Kepler-453b,0.00063,0.553,240.503,0.7903,,transit,1463.0,0.94,5527.0,2014
Mu Leonis b,2.4,,357.8,1.1,,radial vel.,133.0,1.5,4538.2,2014
OGLE-2008-BLG-355Lb,4.6,,,1.7,,microlensing,22000.0,0.37,,2014
OGLE-2008-BLG-92Lb,0.18,,,18.0,,microlensing,26000.0,0.71,,2014
OGLE-2011-BLG-265Lb,0.88,,,1.89,,microlensing,14300.0,0.21,,2014
OGLE-2013-BLG-102Lb,12.569,,,0.8,,microlensing,9900.0,0.1,,2014
OGLE-2013-BLG-341LBb,0.0073,,,0.883,,microlensing,3790.0,0.15,,2014
OGLE-2014-BLG-0124Lb,0.51,,,3.11,,microlensing,13000.0,0.71,,2014
SAND364 b,1.54,,121.71,,,radial vel.,2730.0,1.35,4284.0,2014
TYC 1422-614-1 b,2.5,,198.4,0.69,,radial vel.,2480.0,1.15,4806.0,2014
TYC 1422-614-1 c,10.0,,559.3,1.37,,radial vel.,2480.0,1.15,4806.0,2014
WASP-20 A b,0.72,1.32,3.16158,0.04317,,transit,663.39,1.05,5990.0,2014
WASP-74b,0.95,1.56,2.13775,0.037,1910.0,transit,390.0,1.48,5970.0,2014
WASP-83b,0.3,1.04,4.971252,0.059,1120.0,transit,980.0,1.11,5510.0,2014
WASP-85Ab,1.265,1.24,2.6556777,0.039,1452.0,transit,243.0,1.09,6112.0,2014
WASP-87 b,2.18,1.39,1.6828,0.0295,,transit,982.0,1.2,6450.0,2014
WASP-89b,5.9,1.04,3.3564227,0.0427,1120.0,transit,957.0,0.92,5130.0,2014
WASP-94Ab,0.452,1.72,3.9501907,0.055,1604.0,transit,590.0,1.45,6153.0,2014
WASP-94Bb,0.618,,2.00839,0.0335,,radial vel.,590.0,1.24,6040.0,2014
WASP-103b,1.49,1.528,0.925542,0.01985,2508.0,transit,1500.0,1.22,6110.0,2014
WASP-104b,1.272,1.137,1.7554137,0.02918,1516.0,transit,470.0,1.08,5475.0,2014
WASP-106b,1.925,1.085,9.289715,0.0917,1140.0,transit,920.0,1.19,6055.0,2014
WASP-108 b,1.167,1.215,2.6755463,0.0397,1590.0,transit,717.6,1.167,6000.0,2014
WASP-109 b,0.91,1.443,3.3190233,0.0463,1695.0,transit,1173.0,1.203,6520.0,2014
WASP-110 b,0.515,1.238,3.7783977,0.0457,1134.0,transit,904.0,0.892,5400.0,2014
WASP-111 b,1.85,1.442,2.310965,0.03914,2140.0,transit,980.0,1.5,6400.0,2014
WASP-112 b,0.88,1.191,3.0353992,0.0382,1395.0,transit,1900.0,0.807,5610.0,2014
WASP-116b,0.59,1.43,6.61321,0.073,1400.0,transit,1770.0,1.25,5950.0,2014
WASP-117b,0.2755,1.021,10.02165,0.09459,1024.0,transit,518.0,1.13,6038.0,2014
WASP-149b,1.02,1.32,1.332811,0.0247,1870.0,transit,1770.0,1.12,5750.0,2014
XO-2Sb,0.259,,18.157,0.1344,,radial vel.,480.0,0.98,5399.0,2014
XO-2Sc,1.37,,120.8,0.4756,,radial vel.,480.0,0.98,5399.0,2014
YBP 1194 b,0.32,,6.959,,,radial vel.,2920.0,1.01,5780.0,2014
YBP 1514 b,0.4,,5.118,,,radial vel.,3060.0,0.96,5725.0,2014
2MASS J2126-8140,13.3,,,6900.0,1800.0,imaging,111.4,0.53,3490.0,2016
2MASS J22362452+4751425 b,12.5,,,230.0,,imaging,240.0,0.6,4045.0,2016
BD+15 2375 b,1.061,,153.22,0.576,,radial vel.,2520.0,1.08,4649.0,2016
BD+20 594 b,0.05129,0.199,41.6855,0.241,386.0,transit,496.0,0.96,5766.0,2016
EPIC 211901114 b,5.0,0.9,1.6489,0.0211,,transit,592.0,0.46,3440.0,2016
Gliese 536 b,0.01686,,8.7076,0.06661,,radial vel.,32.7,0.52,3685.0,2016
Gliese 676 Ac,6.8,,7337.0,6.6,,radial vel.,55.0,0.71,,2016
Gliese 3998 b,0.00777,,2.64977,0.029,740.0,radial vel.,58.0,0.5,3722.0,2016
Gliese 3998 c,0.0197,,13.74,0.089,420.0,radial vel.,58.0,0.5,3722.0,2016
HAT-P-65b,0.527,1.89,2.6054552,0.03951,1930.0,transit,2740.0,1.21,5835.0,2016
HAT-P-66b,0.783,1.59,2.972086,0.04363,1896.0,transit,3020.0,1.25,6002.0,2016
HATS-11b,0.85,1.51,3.6191613,0.04614,1637.0,transit,2950.0,1.0,6060.0,2016
HATS-12b,2.38,1.35,3.142833,0.04795,2097.0,transit,3200.0,1.49,6408.0,2016
HATS-18b,1.98,1.337,0.8378434,0.01761,2060.0,transit,2100.0,1.04,5600.0,2016
HATS-19b,0.427,1.66,4.569673,0.0589,1570.0,transit,1860.0,1.303,5896.0,2016
HATS-20b,0.273,0.776,3.7992969,0.04619,1147.0,transit,1610.0,0.91,5406.0,2016
HATS-21b,0.332,1.123,3.5543973,0.04676,1284.0,transit,954.0,1.08,5695.0,2016
HATS-22b,2.74,0.953,4.7228124,0.05025,858.0,transit,678.0,0.76,4803.0,2016
HATS-23b,1.47,1.86,2.1605156,0.03397,1654.0,transit,2440.0,1.12,5780.0,2016
HATS-24b,2.44,1.487,1.3484954,0.02547,2067.0,transit,1700.0,1.21,6346.0,2016
HATS-25b,0.613,1.26,4.2986432,0.05163,,transit,1520.0,0.99,5715.0,2016
HATS-26b,0.65,1.75,3.3023881,0.04735,,transit,2960.0,1.3,6071.0,2016
HATS-27b,0.53,1.5,4.637038,0.0611,,transit,2700.0,1.42,6438.0,2016
HATS-28b,0.672,1.194,3.1810781,0.04131,,transit,1700.0,0.93,5498.0,2016
HATS-29b,0.653,1.251,4.6058749,0.05475,,transit,1140.0,1.03,5670.0,2016
HATS-30b,0.706,1.175,3.1743516,0.04354,,transit,1110.0,1.09,5943.0,2016
HATS-31b,0.88,1.64,3.37796,0.0478,1823.0,transit,2840.0,1.27,6050.0,2016
HATS-32b,0.92,1.249,2.8126548,0.04024,1437.0,transit,2740.0,1.1,5700.0,2016
HATS-33b,1.192,1.23,2.5495551,0.03727,1429.0,transit,830.0,1.06,5659.0,2016
HATS-34b,0.941,1.43,2.1061607,0.03166,1445.0,transit,1740.0,0.95,5380.0,2016
HATS-35b,1.222,1.464,1.8209993,0.03199,2037.0,transit,1820.0,1.32,6300.0,2016
HD 3167 b,,0.139,0.959628,,,transit,149.0,0.86,5261.0,2016
HD 3167 c,,0.254,29.8454,,,transit,149.0,0.86,5261.0,2016
HD 5583 b,5.78,,139.35,0.53,,radial vel.,720.0,1.01,4830.0,2016
HD 9174 b [id],1.11,,1179.0,2.2,,radial vel.,257.4,1.03,5577.0,2016
HD 12484 b,2.98,,58.83,0.297,,radial vel.,167.0,1.01,5920.0,2016
HD 30177 c,7.6,,11613.0,9.89,,radial vel.,178.4,0.99,5580.0,2016
HD 35759 b,3.76,,82.467,0.389,,radial vel.,236.0,1.15,6060.0,2016
HD 42618 b [id],0.04531,,149.61,0.554,337.0,radial vel.,77.0,1.01,5727.0,2016
HD 47366 b,1.75,,363.3,1.214,,radial vel.,260.0,1.81,4866.0,2016
HD 47366 c,1.86,,684.7,1.853,,radial vel.,260.0,1.81,4866.0,2016
HD 68402 b,3.07,,1103.0,2.18,,radial vel.,250.0,1.12,5950.0,2016
HD 72892 b [id],5.45,,39.475,0.228,,radial vel.,237.4,1.02,5688.0,2016
HD 86950 b,3.6,,1270.0,2.72,,radial vel.,550.0,1.66,4805.0,2016
HD 87646 b [fr],12.4,,13.481,0.117,,radial vel.,240.0,1.12,5770.0,2016
HD 95089 c,3.97,,1860.0,,,radial vel.,42.1,1.58,5002.0,2016
HD 99706 c,5.69,,1278.0,,,radial vel.,480.0,1.7,4891.0,2016
HD 102329 c,1.52,,1123.0,,,radial vel.,66.97,3.21,4745.0,2016
HD 116029 c,1.27,,907.0,,,radial vel.,37.92,0.83,4819.0,2016
HD 128356 b [id],0.89,,298.2,0.87,,radial vel.,84.9,0.65,4875.0,2016
HD 133131 Ab,1.42,,649.0,1.44,,radial vel.,150.0,0.95,5799.0,2016
HD 133131 Ac,0.42,,3568.0,4.49,,radial vel.,150.0,0.95,5799.0,2016
HD 133131 Bb,2.5,,5769.0,6.15,,radial vel.,150.0,0.93,5805.0,2016
HD 143105 b,1.21,,2.1974,0.0379,,radial vel.,159.0,1.51,6380.0,2016
HD 147873 b [id],5.14,,116.596,0.522,,radial vel.,342.2,1.38,5972.0,2016
HD 147873 c [id],2.3,,491.54,1.36,,radial vel.,342.2,1.38,5972.0,2016
HD 156279 c,8.6,,4191.0,,,radial vel.,119.109,0.95,5453.0,2016
HD 164922 c,0.04059,,75.765,0.3351,400.0,radial vel.,72.2,0.87,5293.0,2016
HD 165155 b,2.89,,434.5,1.13,,radial vel.,211.9,1.02,5426.0,2016
HD 191806 b,8.52,,1606.3,2.8,,radial vel.,239.6,1.14,6010.0,2016
HD 214823 b [id],19.2,,1877.0,3.18,,radial vel.,317.9,1.22,6215.0,2016
HD 219828 c,15.1,,4791.0,5.96,,radial vel.,254.0,1.23,5891.0,2016
HD 220842 b,3.18,,218.47,0.74,,radial vel.,204.0,1.13,5960.0,2016
HD 221585 b [id],1.61,,1173.0,2.306,,radial vel.,174.8,1.19,5620.0,2016
HD 222076 b [id],1.56,,871.0,1.83,,radial vel.,272.0,1.07,4806.0,2016
HD 224538 b [id],5.97,,1189.1,2.28,,radial vel.,253.6,1.34,6097.0,2016
HD 11343 b,5.5,,1560.2,2.8,,radial vel.,550.0,1.17,4670.0,2016
HIP 41378 b,,0.259,15.5712,,,transit,378.8,1.15,6199.0,2016
HIP 41378 c,,0.228,31.6978,,,transit,378.8,1.15,6199.0,2016
HIP 41378 d,,0.353,156.0,,,transit,378.8,1.15,6199.0,2016
HIP 41378 e,,0.492,131.0,,,transit,378.8,1.15,6199.0,2016
HIP 41378 f,,0.91,324.0,,,transit,378.8,1.15,6199.0,2016
HIP 65407 b,0.428,,28.125,0.177,,radial vel.,181.0,0.93,5460.0,2016
HIP 65407 c,0.784,,67.3,0.316,,radial vel.,181.0,0.93,5460.0,2016
HIP 67537 b [zh],11.1,,2556.5,4.91,,radial vel.,,2.41,4985.0,2016
HD 135760 b [ru],2.4,,822.3,2.1,,radial vel.,298.4,1.74,4850.0,2016
HIP 109384 b,1.56,,499.48,1.134,,radial vel.,183.0,0.78,5180.0,2016
HIP 109600 b,2.68,,232.08,0.706,,radial vel.,191.0,0.87,5530.0,2016
HR 2562 b,30.0,1.11,,20.3,,imaging,109.7,1.3,,2016
K2-8c,,0.215,5.06416,0.0532,631.0,transit,,0.78,4870.0,2016
K2-19d,0.044,0.102,2.50856,0.0344,1252.0,transit,950.0,0.93,5430.0,2016
K2-24b,0.062,0.52,20.88508,0.1542,709.0,transit,590.0,1.12,5743.0,2016
K2-24c,0.082,0.723,42.36342,0.2471,560.0,transit,590.0,1.12,5743.0,2016
K2-26b [ru],,0.238,14.5665,0.0962,,transit,300.0,0.56,3785.0,2016
K2-27b,0.09722,0.4,6.771315,0.06702,,transit,,0.87,5248.0,2016
K2-29b,0.73,1.19,3.2588321,0.04217,1171.0,transit,600.0,0.94,5358.0,2016
K2-30b,0.579,1.039,4.098503,0.04839,1185.0,transit,910.0,0.9,5425.0,2016
K2-31b,1.774,1.06,1.25785,0.022,,transit,,0.91,5280.0,2016
K2-32b,0.05191,0.458,8.99213,0.08036,,transit,,0.86,5275.0,2016
K2-32c,0.03807,0.269,20.6602,0.1399,,transit,,0.86,5275.0,2016
K2-32d,0.03241,0.306,31.7154,0.1862,,transit,,0.86,5275.0,2016
K2-33b,3.7,0.45,5.424865,,,transit,470.0,0.56,3540.0,2016
K2-34b,1.76,1.35,2.995607,0.04419,1742.0,transit,1230.0,1.28,6132.0,2016
K2-35b,,0.125,2.39984,0.032,,transit,,0.76,4680.0,2016
K2-35c,,0.186,5.60912,0.0564,,transit,,0.76,4680.0,2016
K2-36b,,0.118,1.42266,0.023,,transit,,0.8,4924.0,2016
K2-36c,,0.25,5.34059,0.0555,,transit,,0.8,4924.0,2016
K2-37b,,0.144,4.44117,0.0511,,transit,,0.9,5413.0,2016
K2-37c,,0.245,6.42904,0.0654,,transit,,0.9,5413.0,2016
K2-37d,,0.244,14.09189,0.1103,,transit,,0.9,5413.0,2016
K2-38b,0.03776,0.138,4.01593,0.0506,,transit,631.0,1.03,5731.0,2016
K2-38c,0.03115,0.216,10.56103,0.0964,,transit,631.0,1.03,5731.0,2016
K2-39b [ru],0.12522,0.509,4.60497,0.0574,,transit,972.5,1.19,4912.0,2016
K2-42b,,0.192,6.68796,0.0617,,transit,,0.7,4613.0,2016
K2-43b,,0.368,3.47114,0.03784,,transit,,0.6,3939.0,2016
K2-44b,,0.243,5.65688,0.0651,,transit,,1.15,5912.0,2016
K2-45b,,0.599,1.7292684,0.0224,,transit,,0.5,4103.0,2016
K2-46b,,0.183,19.1541,0.13821,,transit,,0.96,6256.0,2016
K2-47b,,0.169,31.6372,0.1779,,transit,,0.75,5054.0,2016
K2-48b,,0.2,20.5065,0.1344,,transit,,0.77,4899.0,2016
K2-49b,,0.172,2.77065,0.0309,,transit,,0.51,4175.0,2016
K2-50b,,0.142,8.7529,0.0705,,transit,,0.61,4326.0,2016
K2-52b,,0.99,3.53482,0.0485,,transit,,1.21,6113.0,2016
K2-53b,,0.223,12.2054,0.0975,,transit,,0.83,5269.0,2016
K2-54b [ru],,0.103,9.7843,0.0671,,transit,,0.42,3798.0,2016
K2-55b [ru],,0.341,2.849258,0.03486,,transit,,0.7,4456.0,2016
K2-57b [ru],,0.187,9.0063,0.0746,,transit,,0.68,4434.0,2016
K2-58b,,0.239,7.05254,0.0692,,transit,,0.89,5413.0,2016
K2-58c,,0.145,2.53726,0.035,,transit,,0.89,5413.0,2016
K2-58d,,0.153,22.8827,0.1517,,transit,,0.89,5413.0,2016
K2-59b [ru],,0.215,20.6921,0.1354,,transit,,0.77,5055.0,2016
K2-59c [ru],,0.205,11.2954,0.0905,,transit,,0.77,5055.0,2016
K2-60b [ru],0.426,0.683,3.00265,0.045,1400.0,transit,,0.97,5500.0,2016
K2-61b [ru],,0.221,2.57302,0.0392,,transit,,1.21,6293.0,2016
K2-62b [ru],,0.191,6.67202,0.0636,,transit,,0.77,4880.0,2016
K2-62c [ru],,0.191,16.1966,0.1148,,transit,,0.77,4880.0,2016
K2-63b [ru],,0.287,20.257,0.1627,,transit,1710.0,1.4,6771.0,2016
K2-64b [ru],,0.185,6.53044,0.0619,,transit,,0.74,5312.0,2016
K2-65b [ru],,0.141,12.6475,0.1014,,transit,254.6,0.87,5213.0,2016
K2-66b,,0.222,5.06965,0.06069,,transit,,1.16,5958.0,2016
K2-68b [ru],,0.141,8.05428,0.0708,,transit,,0.73,4746.0,2016
K2-69b [ru],,0.207,7.06599,0.0591,,transit,,0.55,4127.0,2016
K2-70b [ru],,0.258,13.97896,0.1112,,transit,,0.94,5622.0,2016
K2-71b [ru],,0.192,6.98541,0.0559,,transit,,0.48,4006.0,2016
K2-72b,,0.067,5.57739,0.037,,transit,217.0,0.22,3497.0,2016
K2-72c,,0.077,15.1871,0.0722,,transit,217.0,0.22,3497.0,2016
K2-72d,,0.065,7.7599,0.0461,,transit,217.0,0.22,3497.0,2016
K2-72e,,0.073,24.1669,0.098,,transit,217.0,0.22,3497.0,2016
K2-73b [ru],,0.219,7.49543,0.07619,,transit,,1.05,5922.0,2016
K2-74b [ru],,0.206,19.5666,0.1402,,transit,,0.96,6060.0,2016
K2-75b [ru],,0.238,7.8142,0.081,,transit,,1.16,5995.0,2016
K2-75c [ru],,0.247,18.311,0.1429,,transit,,1.16,5995.0,2016
K2-77b,1.9,0.205,8.199796,,,transit,460.0,0.8,4970.0,2016
K2-79b,0.0371,0.365,10.99573,0.0987,,transit,,1.06,5926.0,2016
K2-80b,,0.179,19.0918,0.135,,transit,,0.9,5441.0,2016
K2-80c,,0.131,5.605,0.0596,,transit,,0.9,5441.0,2016
K2-81b,,0.162,6.10224,0.0579,,transit,,0.7,4530.0,2016
K2-83b,,0.111,2.74697,0.03014,,transit,,0.48,3910.0,2016
K2-83c,,0.132,9.99767,0.07131,,transit,,0.48,3910.0,2016
K2-84b,,0.215,6.4215,0.0665,,transit,,0.95,5652.0,2016
K2-84c,,0.181,27.86,0.1768,,transit,,0.95,5652.0,2016
K2-85b,,0.09,0.684533,0.01263,,transit,,0.57,4268.0,2016
K2-86b,,0.175,8.77683,0.077,,transit,,0.79,5482.0,2016
K2-87b,,0.41,9.72739,0.0876,,transit,,0.95,5406.0,2016
K2-88b,,0.11,4.6122,0.0345,,transit,,0.26,3537.0,2016
K2-89b,,0.055,1.096026,0.01462,,transit,,0.35,3691.0,2016
K2-90b,,0.182,13.7311,0.0926,,transit,,0.56,4136.0,2016
K2-90c,,0.091,2.90032,0.0328,,transit,,0.56,4136.0,2016
K2-91b,,0.098,1.419549,0.0164,,transit,,0.29,3622.0,2016
K2-93b,,0.228,,0.138,,transit,360.0,1.2,6200.0,2016
K2-93c,,0.259,,0.22,,transit,360.0,1.2,6200.0,2016
K2-95b [id],0.03458,0.31,10.13389,0.0653,,transit,560.0,0.36,3471.0,2016
K2-97b [id],0.48,1.31,8.4061,,,transit,2490.0,1.16,4790.0,2016
K2-98b [id],0.10131,0.384,10.13675,0.0943,,transit,1420.0,1.07,6120.0,2016
K2-99b,0.97,1.06,18.249,0.159,,transit,1980.0,1.6,5990.0,2016
K2-100b,,0.312,1.673916,,,transit,592.0,1.18,6120.0,2016
K2-101b,,0.178,14.677286,,,transit,592.0,0.8,4819.0,2016
K2-102b,,0.116,9.915615,,,transit,592.0,0.77,4695.0,2016
K2-103b,,0.196,21.169619,,,transit,592.0,0.61,3880.0,2016
K2-104b,,0.17,1.97419,,,transit,592.0,0.51,3660.0,2016
K2-107b,0.84,1.44,3.31392,0.048,,transit,,1.3,6030.0,2016
K2-110b,0.0525,0.2312,13.86375,0.1021,640.0,transit,385.0,0.74,5010.0,2016
K2-113b,1.29,0.93,5.817608,0.0558,1178.0,transit,1800.0,1.01,5627.0,2016
KELT-11b,0.195,1.3,4.736529,0.06229,1712.0,transit,320.0,1.438,5370.0,2016
KELT-12b,0.95,1.78,5.031623,0.06708,1800.0,transit,,1.59,6279.0,2016
KELT-16b,2.75,1.415,0.9689951,0.02044,,transit,1289.2,1.21,6236.0,2016
KELT-17b,1.31,1.525,3.0801716,0.04881,2087.0,transit,680.0,1.64,7454.0,2016
KIC 7917485 b,11.8,,840.0,2.03,,timing,,1.63,7067.0,2016
Kepler-20g,0.0628,,34.94,0.2055,,radial vel.,950.0,0.95,5495.0,2016
Kepler-46d,,0.146,6.766589,0.067,,transit,2790.0,0.9,5309.0,2016
Kepler-56d,5.61,,1002.0,2.16,,radial vel.,3060.0,1.32,4840.0,2016
Kepler-80f,,0.108,0.9867873,0.0175,,transit,1160.0,0.73,4540.0,2016
Kepler-132e,,0.105,110.2869374,,,transit,900.0,,6003.0,2016
Kepler-148d,,0.774,51.84688575,,,transit,2630.0,,5272.0,2016
Kepler-154d,,0.343,20.54981883,,,transit,3060.0,0.89,5690.0,2016
Kepler-154e,,0.134,3.93276465,,,transit,3060.0,0.89,5690.0,2016
Kepler-154f,,0.134,9.91935684,,,transit,3060.0,0.89,5690.0,2016
Kepler-157d,,0.13,7.02573474,,,transit,2580.0,,5774.0,2016
Kepler-166d,,0.154,1.55400393,,,transit,2000.0,,5413.0,2016
Kepler-167d,,0.107,21.803855,0.1405,536.0,transit,1100.0,0.77,4890.0,2016
Kepler-167e,,0.906,1071.23228,1.89,131.0,transit,1100.0,0.77,4890.0,2016
Kepler-176e,,0.129,51.16579,,,transit,1740.0,,5232.0,2016
Kepler-191d,,0.203,5.94504102,,,transit,1970.0,0.85,5282.0,2016
Kepler-192d,,0.091,6.47027579,,,transit,2160.0,,5479.0,2016
Kepler-198d,,0.136,1.31184443,,,transit,1638.0,0.93,5574.0,2016
Kepler-217d,,0.118,3.88689525,,,transit,3720.0,,6171.0,2016
Kepler-218d,,0.237,124.5244647,,,transit,2180.0,,5502.0,2016
Kepler-245e,,0.156,3.21982106,,,transit,2870.0,0.8,5100.0,2016
Kepler-255d,,0.118,1.04562266,,,transit,3530.0,0.97,5573.0,2016
Kepler-271d,,0.059,5.24972541,,,transit,1334.0,,5524.0,2016
Kepler-304e,,0.107,1.49914695,,,transit,1435.0,0.8,4731.0,2016
Kepler-342e,,0.079,1.64422461,,,transit,2600.0,1.13,6175.0,2016
Kepler-351d,,0.243,142.544247,,,transit,3640.0,0.89,5643.0,2016
Kepler-398d,,0.079,6.83437001,,,transit,581.4,,4493.0,2016
Kepler-401d,,0.203,184.256405,,,transit,3230.0,,6117.0,2016
Kepler-403d,,0.127,13.61159129,,,transit,2800.0,,6090.0,2016
Kepler-411c,,0.292,7.83442788,,,transit,503.5,0.83,4974.0,2016
Kepler-436c,,0.208,16.79713874,,,transit,2020.0,0.73,4651.0,2016
Kepler-461b,,0.23,8.31378306,,,transit,1530.0,0.98,5634.0,2016
Kepler-462b,,0.336,84.6879808,,,transit,2390.0,1.59,7070.0,2016
Kepler-463b,,0.272,8.98101683,,,transit,1100.0,0.87,5661.0,2016
Kepler-464b,,0.294,7.25696522,,,transit,2130.0,1.21,5933.0,2016
Kepler-465b,,0.263,9.94067247,,,transit,1910.0,1.23,6310.0,2016
Kepler-466b,,0.254,51.07926307,,,transit,1420.0,1.04,5927.0,2016
Kepler-466c,,0.112,3.70921385,,,transit,1420.0,1.04,5927.0,2016
Kepler-467b,,0.201,24.99324193,,,transit,1490.0,1.05,5809.0,2016
Kepler-468b,,1.19,38.47875707,,,transit,1550.0,0.96,5498.0,2016
Kepler-471b,,1.335,5.01423457,,,transit,4480.0,1.49,6733.0,2016
Kepler-472b,,0.287,4.17625551,,,transit,980.0,0.85,4996.0,2016
Kepler-473b,,0.364,14.55731705,,,transit,2090.0,1.06,5816.0,2016
Kepler-474b,,0.273,5.66067294,,,transit,1850.0,0.99,5785.0,2016
Kepler-475b,,0.222,3.10550819,,,transit,910.0,0.86,5009.0,2016
Kepler-476b,,0.275,14.00640607,,,transit,2240.0,1.03,5837.0,2016
Kepler-477b,,0.185,11.11990653,,,transit,1200.0,0.87,5240.0,2016
Kepler-478b,,0.242,13.2217576,,,transit,1400.0,0.85,5210.0,2016
Kepler-479b,,0.189,12.49341307,,,transit,1210.0,0.86,5247.0,2016
Kepler-480b,,0.248,4.9195838,,,transit,2630.0,1.25,6322.0,2016
Kepler-481b,,0.223,10.06082567,,,transit,2330.0,1.01,5802.0,2016
Kepler-482b,,0.211,56.35418576,,,transit,950.0,0.75,4871.0,2016
Kepler-483b,,0.286,30.229104,,,transit,3110.0,1.28,6346.0,2016
Kepler-484b,,0.203,10.04556931,,,transit,1230.0,0.96,5668.0,2016
Kepler-485b,,1.286,3.2432598,,,transit,3830.0,1.07,5958.0,2016
Kepler-487b,,1.019,15.3587684,,,transit,2720.0,0.91,5444.0,2016
Kepler-487c,,0.239,38.6519976,,,transit,2720.0,0.91,5444.0,2016
Kepler-489b,,0.689,17.27629612,,,transit,1240.0,0.82,5014.0,2016
Kepler-490b,,1.039,3.26869515,,,transit,4070.0,1.08,6045.0,2016
Kepler-491b,,0.796,4.22538451,,,transit,2140.0,1.04,5582.0,2016
Kepler-493b,,1.35,3.00387658,,,transit,6330.0,1.36,6457.0,2016
Kepler-495b,,0.467,3.41303622,,,transit,2100.0,0.86,5346.0,2016
Kepler-496b,,0.207,8.30864937,,,transit,2140.0,0.86,5293.0,2016
Kepler-497b,,0.539,3.57320367,,,transit,3500.0,1.09,5834.0,2016
Kepler-498b,,0.27,9.61375356,,,transit,2430.0,0.98,5744.0,2016
Kepler-499b,,0.194,5.63252845,,,transit,1710.0,0.87,5312.0,2016
Kepler-500b,,0.23,8.5083244,,,transit,2440.0,1.02,5813.0,2016
Kepler-501b,,0.384,5.64067757,,,transit,3410.0,1.03,5904.0,2016
Kepler-502b,,0.426,4.28686431,,,transit,4670.0,1.15,6125.0,2016
Kepler-504b,,0.142,9.54927542,,,transit,240.0,0.33,3519.0,2016
Kepler-505b,,0.232,27.52197994,,,transit,720.0,0.55,3931.0,2016
Kepler-506b,,0.244,6.8834055,,,transit,750.0,1.19,6236.0,2016
Kepler-507b,,0.116,3.56809693,,,transit,1300.0,1.16,6113.0,2016
Kepler-508b,,0.146,25.30889748,,,transit,1060.0,1.16,6025.0,2016
Kepler-509b,,0.222,41.74600392,,,transit,1110.0,1.1,6060.0,2016
Kepler-510b,,0.22,19.55659418,,,transit,1230.0,0.91,5746.0,2016
Kepler-511b,,0.567,296.637865,,,transit,1460.0,1.0,5770.0,2016
Kepler-512b,,0.24,34.43587975,,,transit,1730.0,1.17,5997.0,2016
Kepler-513b,,0.196,28.86235584,,,transit,1520.0,1.02,5849.0,2016
Kepler-514b,,0.153,5.65179605,,,transit,1590.0,1.28,6106.0,2016
Kepler-515b,,0.13,19.96371318,,,transit,830.0,0.9,5293.0,2016
Kepler-516b,,0.512,24.85462415,,,transit,2530.0,1.62,7099.0,2016
Kepler-517b,,0.238,60.92832271,,,transit,930.0,0.95,5690.0,2016
Kepler-518b,,0.188,8.51203588,,,transit,1060.0,0.96,5842.0,2016
Kepler-519b,,0.187,24.3078946,,,transit,760.0,0.89,5260.0,2016
Kepler-520b,,0.148,19.67416124,,,transit,1600.0,1.1,6112.0,2016
Kepler-520c,,0.095,5.21104261,,,transit,1600.0,1.1,6112.0,2016
Kepler-521b,,0.284,22.20813214,,,transit,2400.0,1.34,6406.0,2016
Kepler-522b,,0.616,38.58422849,,,transit,2440.0,1.54,6392.0,2016
Kepler-523b,,0.175,5.83598311,,,transit,880.0,0.93,5515.0,2016
Kepler-524b,,0.17,7.97419807,,,transit,2400.0,1.09,6014.0,2016
Kepler-524c,,0.086,1.88897906,,,transit,2400.0,1.09,6014.0,2016
Kepler-525b,,0.235,18.68404933,,,transit,1850.0,0.95,5573.0,2016
Kepler-526b,,0.178,5.45849832,,,transit,1640.0,1.15,5894.0,2016
Kepler-527b,,0.253,13.28535633,,,transit,2940.0,1.28,6388.0,2016
Kepler-528b,,0.186,19.78297415,,,transit,2320.0,1.01,5807.0,2016
Kepler-529b,,0.166,1.98035766,,,transit,2570.0,1.07,6087.0,2016
Kepler-529c,,0.178,12.8345022,,,transit,2570.0,1.07,6087.0,2016
Kepler-530b,,0.269,39.30941904,,,transit,1510.0,0.97,5697.0,2016
Kepler-531b,,0.248,29.88485741,,,transit,830.0,0.78,4893.0,2016
Kepler-532b,,0.229,12.92491623,,,transit,1060.0,0.87,5192.0,2016
Kepler-533b,,0.302,28.51120525,,,transit,990.0,0.78,4758.0,2016
Kepler-534b,,0.2,15.95994513,,,transit,1540.0,1.05,5884.0,2016
Kepler-535b,,0.211,4.90332155,,,transit,2210.0,1.18,6123.0,2016
Kepler-536b,,0.277,1.8270823,,,transit,1450.0,0.92,5524.0,2016
Kepler-537b,,0.126,3.24755522,,,transit,1520.0,1.07,5763.0,2016
Kepler-538b,,0.202,81.73780699,,,transit,540.0,0.96,5650.0,2016
Kepler-539b,0.97,0.747,125.63243,0.4988,,transit,1020.0,1.05,5820.0,2016
Kepler-539c,2.4,,1000.0,2.42,,transit,1020.0,1.05,5820.0,2016
Kepler-540b,,0.242,172.7049784,,,transit,1100.0,1.02,5946.0,2016
Kepler-541b,,0.3,5.08005848,,,transit,3300.0,1.41,6166.0,2016
Kepler-542b,,0.14,13.14497566,,,transit,1430.0,0.93,5526.0,2016
Kepler-543b,,0.223,13.89961966,,,transit,690.0,0.7,4671.0,2016
Kepler-544b,,0.189,21.41616926,,,transit,2600.0,1.16,6206.0,2016
Kepler-545b,,0.24,13.24934059,,,transit,2710.0,1.04,5882.0,2016
Kepler-546b,,0.624,4.14702026,,,transit,2920.0,1.11,5967.0,2016
Kepler-547b,,0.357,6.01038429,,,transit,1180.0,0.78,4828.0,2016
Kepler-548b,,1.07,4.45419434,,,transit,2530.0,0.93,5535.0,2016
Kepler-549b,,0.229,42.9495649,,,transit,2110.0,0.88,5360.0,2016
Kepler-549c,,0.261,117.040498,,,transit,2110.0,0.88,5360.0,2016
Kepler-550b,,0.394,8.60010411,,,transit,1840.0,0.87,5322.0,2016
Kepler-551b,,0.244,12.3764661,,,transit,1020.0,0.65,4286.0,2016
Kepler-552b,,0.352,5.26341577,,,transit,2720.0,1.03,5863.0,2016
Kepler-553b,,0.413,4.03046804,,,transit,2360.0,0.92,5266.0,2016
Kepler-553c,,0.999,328.2399546,,,transit,2360.0,0.92,5266.0,2016
Kepler-554b,,0.383,1.90220856,,,transit,2090.0,0.93,5447.0,2016
Kepler-555b,,0.252,16.21775407,,,transit,2520.0,1.03,5894.0,2016
Kepler-556b,,0.2,11.72292176,,,transit,2380.0,1.0,5740.0,2016
Kepler-557b,,0.238,3.70598955,,,transit,3670.0,1.11,6068.0,2016
Kepler-558b,,0.211,29.00790538,,,transit,2130.0,0.85,5242.0,2016
Kepler-559b,,0.322,17.58752333,,,transit,2590.0,0.96,5630.0,2016
Kepler-560b,,0.153,18.47764449,,,transit,290.0,0.34,3556.0,2016
Kepler-561b,,0.621,58.3620495,,,transit,2180.0,0.96,5646.0,2016
Kepler-561c,,0.239,5.35016198,,,transit,2180.0,0.96,5646.0,2016
Kepler-562b,,0.465,18.00931444,,,transit,2680.0,0.93,5575.0,2016
Kepler-563b,,0.276,22.18432708,,,transit,1820.0,0.8,5066.0,2016
Kepler-564b,,0.413,3.75083228,,,transit,2700.0,0.95,5626.0,2016
Kepler-565b,,0.325,4.24374723,,,transit,3400.0,0.98,5735.0,2016
Kepler-566b,,0.192,18.42794624,,,transit,2050.0,0.83,5132.0,2016
Kepler-567b,,0.201,16.54297375,,,transit,1850.0,0.84,5148.0,2016
Kepler-568b,,0.202,11.02347475,,,transit,410.0,0.55,3768.0,2016
Kepler-569b,,0.282,34.18890521,,,transit,2100.0,0.95,5616.0,2016
Kepler-570b,,0.219,4.301662,,,transit,2090.0,0.93,5496.0,2016
Kepler-571b,,0.236,4.79859939,,,transit,2470.0,0.93,5527.0,2016
Kepler-572b,,0.23,17.20523483,,,transit,1740.0,0.83,5212.0,2016
Kepler-573b,,0.249,22.18329658,,,transit,2470.0,0.99,5746.0,2016
Kepler-574b,,0.213,7.65880414,,,transit,2440.0,0.95,5612.0,2016
Kepler-575b,,0.213,9.37891944,,,transit,2780.0,0.97,5710.0,2016
Kepler-576b,,0.292,29.91136794,,,transit,2280.0,0.99,5672.0,2016
Kepler-577b,,0.227,25.69578251,,,transit,1790.0,0.78,4984.0,2016
Kepler-578b,,0.178,1.6168837,,,transit,1850.0,0.87,5334.0,2016
Kepler-579b,,0.178,9.66857723,,,transit,2160.0,0.99,5636.0,2016
Kepler-580b,,0.229,8.22241966,,,transit,1090.0,0.67,4298.0,2016
Kepler-581b,,0.235,40.6069821,,,transit,2720.0,1.0,5772.0,2016
Kepler-582b,,0.328,18.49235668,,,transit,2450.0,0.93,5564.0,2016
Kepler-583b,,0.203,6.5100253,,,transit,2630.0,0.94,5523.0,2016
Kepler-584b,,0.376,35.1810304,,,transit,4710.0,1.17,6195.0,2016
Kepler-585b,,0.252,2.75235975,,,transit,1970.0,0.96,5593.0,2016
Kepler-586b,,0.249,2.10472218,,,transit,2310.0,0.94,5575.0,2016
Kepler-587b,,0.199,10.94027841,,,transit,2780.0,0.92,5549.0,2016
Kepler-588b,,0.235,4.22162536,,,transit,3170.0,1.01,5835.0,2016
Kepler-589b,,0.203,16.54964934,,,transit,2100.0,0.88,5296.0,2016
Kepler-590b,,0.359,5.85296257,,,transit,3220.0,1.1,6000.0,2016
Kepler-591b,,0.302,81.1694299,,,transit,2590.0,0.97,5677.0,2016
Kepler-592b,,0.213,2.82019241,,,transit,3370.0,1.04,5913.0,2016
Kepler-593b,,0.256,21.21708973,,,transit,3310.0,1.08,5967.0,2016
Kepler-594b,,0.194,13.64618192,,,transit,2420.0,0.91,5485.0,2016
Kepler-595b,,0.34,25.30292332,,,transit,2080.0,0.87,5247.0,2016
Kepler-596b,,0.309,21.30022655,,,transit,3530.0,1.21,6267.0,2016
Kepler-597b,,0.211,13.02365861,,,transit,2200.0,0.97,5683.0,2016
Kepler-598b,,0.134,3.70175428,,,transit,2240.0,0.87,5307.0,2016
Kepler-599b,,0.253,15.65562652,,,transit,2050.0,0.83,5127.0,2016
Kepler-600b,,0.259,23.67517607,,,transit,2040.0,0.84,5279.0,2016
Kepler-601b,,0.17,5.37886844,,,transit,1400.0,0.85,5160.0,2016
Kepler-602b,,0.186,15.28469497,,,transit,3170.0,1.08,6062.0,2016
Kepler-603b,,0.236,21.05358596,,,transit,3150.0,1.01,5808.0,2016
Kepler-603c,,0.58,127.9075774,,,transit,3150.0,1.01,5808.0,2016
Kepler-603d,,0.118,6.2171292,,,transit,3150.0,1.01,5808.0,2016
Kepler-604b,,0.231,25.85501786,,,transit,3200.0,1.02,5890.0,2016
Kepler-605b,,0.128,3.38353807,,,transit,1900.0,0.91,5462.0,2016
Kepler-605c,,0.077,2.35895152,,,transit,1900.0,0.91,5462.0,2016
Kepler-606b,,0.295,24.31575992,,,transit,3940.0,1.13,6161.0,2016
Kepler-607b,,0.078,0.6381632,,,transit,1600.0,0.84,5196.0,2016
Kepler-608b,,0.325,6.41251504,,,transit,3020.0,1.0,5820.0,2016
Kepler-609b,,0.299,6.52121067,,,transit,3730.0,1.09,5971.0,2016
Kepler-610b,,0.374,6.99692655,,,transit,3630.0,1.1,5943.0,2016
Kepler-610c,,0.294,151.86392,,,transit,3630.0,1.1,5943.0,2016
Kepler-611b,,0.147,2.4370333,,,transit,2950.0,1.01,5761.0,2016
Kepler-612b,,0.253,3.72215641,,,transit,3040.0,0.98,5693.0,2016
Kepler-613b,,0.204,15.77979614,,,transit,2820.0,0.98,5723.0,2016
Kepler-614b,,0.213,14.03491514,,,transit,1860.0,0.85,5268.0,2016
Kepler-615b,,0.155,10.35584657,,,transit,1100.0,0.73,4655.0,2016
Kepler-616b,,0.217,9.99761851,,,transit,3320.0,0.98,5753.0,2016
Kepler-616c,,0.304,90.4113556,,,transit,3320.0,0.98,5753.0,2016
Kepler-617b,,0.118,1.68269615,,,transit,490.0,0.51,3712.0,2016
Kepler-618b,,0.232,3.59576964,,,transit,3640.0,1.05,5860.0,2016
Kepler-619b,,0.282,5.4042722,,,transit,3620.0,1.09,5980.0,2016
Kepler-619c,,0.151,1.20846503,,,transit,3620.0,1.09,5980.0,2016
Kepler-620b,,0.296,12.91375431,,,transit,4050.0,1.15,6155.0,2016
Kepler-621b,,0.205,2.62811375,,,transit,1270.0,0.72,4521.0,2016
Kepler-622b,,0.19,14.28226676,,,transit,840.0,0.64,4201.0,2016
Kepler-623b,,0.269,9.07097734,,,transit,2650.0,0.9,5443.0,2016
Kepler-624b,,0.206,14.58649607,,,transit,2380.0,1.1,6117.0,2016
Kepler-625b,,0.178,7.75192492,,,transit,1640.0,1.04,5789.0,2016
Kepler-625c,,0.094,4.1653651,,,transit,1640.0,1.04,5789.0,2016
Kepler-626b,,0.204,14.48585199,,,transit,2300.0,1.01,5813.0,2016
Kepler-627b,,0.333,40.6994443,,,transit,3730.0,1.3,6424.0,2016
Kepler-629b,,0.123,7.2385854,,,transit,1250.0,0.93,5444.0,2016
Kepler-630b,,0.284,161.4743937,,,transit,2140.0,1.02,5829.0,2016
Kepler-631b,,0.259,17.97979059,,,transit,2750.0,1.24,6185.0,2016
Kepler-632b,,0.197,30.99660733,,,transit,1140.0,0.91,5322.0,2016
Kepler-633b,,0.145,8.50340718,,,transit,2070.0,1.02,5899.0,2016
Kepler-634b,,0.169,5.16950177,,,transit,2470.0,1.03,6075.0,2016
Kepler-635b,,0.236,23.44971004,,,transit,2690.0,1.33,6174.0,2016
Kepler-636b,,0.397,16.08066115,,,transit,1110.0,0.85,5203.0,2016
Kepler-637b,,0.424,23.20584623,,,transit,5140.0,1.64,6096.0,2016
Kepler-638b,,0.163,6.07972888,,,transit,1390.0,0.88,5382.0,2016
Kepler-639b,,0.212,10.21420496,,,transit,2200.0,1.14,5896.0,2016
Kepler-640b,,0.228,22.24813967,,,transit,1750.0,1.01,5653.0,2016
Kepler-641b,,0.165,9.48961571,,,transit,2200.0,1.02,5713.0,2016
Kepler-642b,,0.259,4.41745855,,,transit,3330.0,1.4,6570.0,2016
Kepler-643b,,0.906,16.33889626,,,transit,3360.0,1.0,4908.0,2016
Kepler-644b,,0.281,3.1739171,,,transit,4610.0,1.49,6747.0,2016
Kepler-645b,,0.187,3.27582262,,,transit,2940.0,1.13,6170.0,2016
Kepler-646b,,0.178,15.87364565,,,transit,1670.0,0.93,5634.0,2016
Kepler-647b,,0.104,16.2254649,,,transit,2570.0,1.03,6020.0,2016
Kepler-648b,,0.287,17.4211749,,,transit,2170.0,1.05,5741.0,2016
Kepler-649b,,0.202,29.90722674,,,transit,1710.0,0.97,5871.0,2016
Kepler-650b,,0.264,3.03214559,,,transit,2630.0,1.08,5849.0,2016
Kepler-651b,,0.211,21.38521506,,,transit,1750.0,0.92,5522.0,2016
Kepler-652b,,0.222,4.18200253,,,transit,1380.0,0.97,5490.0,2016
Kepler-653b,,0.174,14.70748976,,,transit,1930.0,1.02,5665.0,2016
Kepler-653c,,0.07,0.90037648,,,transit,1930.0,1.02,5665.0,2016
Kepler-654b,,0.185,13.72465129,,,transit,2160.0,1.04,5865.0,2016
Kepler-655b,,0.242,46.4063358,,,transit,2550.0,1.15,6170.0,2016
Kepler-656b,,0.278,1.26025909,,,transit,2830.0,0.86,5281.0,2016
Kepler-657b,,0.314,24.54350418,,,transit,4060.0,1.01,5808.0,2016
Kepler-658b,,0.145,1.28707676,,,transit,1110.0,0.63,4103.0,2016
Kepler-659b,,0.223,17.671796,,,transit,2240.0,0.79,4870.0,2016
Kepler-660b,,0.229,9.27358194,,,transit,1840.0,0.75,4779.0,2016
Kepler-661b,,0.274,6.02930132,,,transit,1820.0,0.7,4483.0,2016
Kepler-662b,,0.194,21.67697486,,,transit,2090.0,0.79,4897.0,2016
Kepler-663b,,0.232,4.99678284,,,transit,3400.0,0.86,5264.0,2016
Kepler-664b,,0.237,2.52559332,,,transit,4520.0,1.01,5754.0,2016
Kepler-665b,,0.232,16.01310205,,,transit,2120.0,0.79,4913.0,2016
Kepler-666b,,0.214,4.49876092,,,transit,4300.0,1.03,5887.0,2016
Kepler-667b,,0.422,41.43962808,,,transit,2960.0,0.91,5327.0,2016
Kepler-668b,,0.241,8.35390639,,,transit,2860.0,0.87,5352.0,2016
Kepler-669b,,0.431,4.12554687,,,transit,5800.0,1.15,6038.0,2016
Kepler-670b,,1.176,2.81650485,,,transit,3200.0,0.99,5709.0,2016
Kepler-671b,,0.24,4.28095859,,,transit,3710.0,0.97,5624.0,2016
Kepler-672b,,0.223,38.3774623,,,transit,3300.0,0.95,5627.0,2016
Kepler-673b,,0.583,3.72873109,,,transit,3190.0,0.88,5355.0,2016
Kepler-674b,,0.151,2.24338185,,,transit,980.0,0.6,4192.0,2016
Kepler-675b,,0.218,2.33743801,,,transit,2120.0,0.79,4945.0,2016
Kepler-676b,,0.271,11.59822172,,,transit,790.0,0.51,3701.0,2016
Kepler-677b,,0.48,6.57531678,,,transit,3800.0,1.0,5723.0,2016
Kepler-678b,,0.459,7.27503724,,,transit,2850.0,0.94,5520.0,2016
Kepler-679b,,0.269,12.39358604,,,transit,3160.0,0.87,5403.0,2016
Kepler-680b,,0.216,3.68992629,,,transit,4380.0,1.08,5890.0,2016
Kepler-681b,,0.275,26.39435646,,,transit,2170.0,0.8,5021.0,2016
Kepler-682b,,0.658,12.61190667,,,transit,3100.0,0.92,5559.0,2016
Kepler-683b,,0.176,2.53918318,,,transit,3180.0,0.96,5703.0,2016
Kepler-684b,,0.3,6.77030201,,,transit,3480.0,0.89,5493.0,2016
Kepler-685b,,0.944,1.6255222,,,transit,3730.0,1.11,5963.0,2016
Kepler-686b,,1.084,1.59474546,,,transit,3920.0,0.94,5649.0,2016
Kepler-687b,,0.314,20.50586978,,,transit,2050.0,0.77,4841.0,2016
Kepler-688b,,0.871,3.89593684,,,transit,4070.0,0.98,5715.0,2016
Kepler-689b,,0.258,22.36656079,,,transit,3410.0,0.91,5518.0,2016
Kepler-690b,,0.531,7.74809437,,,transit,5390.0,1.11,5913.0,2016
Kepler-691b,,0.186,8.114379,,,transit,780.0,0.53,3715.0,2016
Kepler-692b,,0.277,21.81293494,,,transit,3300.0,0.9,5440.0,2016
Kepler-693b,,0.908,15.37563332,,,transit,3270.0,0.76,4881.0,2016
Kepler-694b,,0.25,6.36584161,,,transit,3340.0,0.97,5700.0,2016
Kepler-695b,,0.822,3.04033042,,,transit,2000.0,0.84,5181.0,2016
Kepler-696b,,0.548,4.19042557,,,transit,4190.0,1.06,5903.0,2016
Kepler-697b,,0.368,3.70987065,,,transit,3560.0,0.92,5513.0,2016
Kepler-698b,,0.328,16.32976218,,,transit,3700.0,0.94,5612.0,2016
Kepler-700b,,0.534,80.8720639,,,transit,3460.0,0.98,5692.0,2016
Kepler-701b,,0.253,10.35533177,,,transit,2460.0,0.88,5343.0,2016
Kepler-702b,,0.818,10.52629406,,,transit,2910.0,0.9,5419.0,2016
Kepler-703b,,0.732,4.58352176,,,transit,4830.0,1.18,6185.0,2016
Kepler-704b,,0.233,3.76182115,,,transit,3440.0,0.97,5616.0,2016
Kepler-705b,,0.188,56.0560538,,,transit,820.0,0.53,3722.0,2016
Kepler-707b,,0.119,2.23749275,,,transit,2040.0,0.8,5099.0,2016
Kepler-708b,,0.261,3.16789194,,,transit,4050.0,0.97,5692.0,2016
Kepler-709b,,0.261,16.08524954,,,transit,2180.0,0.8,5071.0,2016
Kepler-710b,,0.168,4.34728553,,,transit,3000.0,0.94,5611.0,2016
Kepler-711b,,0.304,23.58914398,,,transit,2170.0,0.84,5222.0,2016
Kepler-712b,,0.304,21.02247699,,,transit,3080.0,0.84,5148.0,2016
Kepler-712c,,0.433,226.89047,,,transit,3080.0,0.84,5148.0,2016
Kepler-713b,,0.221,7.411141,,,transit,3270.0,0.98,5785.0,2016
Kepler-714b,,0.863,8.09888799,,,transit,4800.0,1.09,5995.0,2016
Kepler-715b,,0.335,10.00652995,,,transit,3960.0,1.04,5871.0,2016
Kepler-716b,,0.259,10.37168453,,,transit,2200.0,0.83,5099.0,2016
Kepler-717b,,0.216,4.40840023,,,transit,3670.0,0.88,5485.0,2016
Kepler-718b,,1.477,2.0523499,,,transit,5000.0,1.18,6191.0,2016
Kepler-719b,,0.76,5.00731778,,,transit,4650.0,0.99,5777.0,2016
Kepler-720b,,0.75,4.70832654,,,transit,2900.0,0.95,5618.0,2016
Kepler-721b,,0.236,5.39202539,,,transit,2770.0,0.82,5075.0,2016
Kepler-722b,,0.235,4.09357325,,,transit,4480.0,1.03,5863.0,2016
Kepler-722c,,0.252,105.144749,,,transit,4480.0,1.03,5863.0,2016
Kepler-723b,,1.088,4.08227507,,,transit,3150.0,0.92,5539.0,2016
Kepler-724b,,0.294,3.31494634,,,transit,2810.0,0.9,5437.0,2016
Kepler-725b,,0.948,39.64317811,,,transit,2540.0,0.88,5363.0,2016
Kepler-726b,,0.291,21.80451088,,,transit,2730.0,0.88,5452.0,2016
Kepler-727b,,0.226,5.15448442,,,transit,2910.0,0.89,5441.0,2016
Kepler-728b,,0.298,5.74347727,,,transit,4030.0,0.95,5660.0,2016
Kepler-729b,,0.319,3.16635371,,,transit,4150.0,0.94,5633.0,2016
Kepler-730b,,0.822,6.49168426,,,transit,4750.0,1.0,5726.0,2016
Kepler-731b,,1.238,3.85560355,,,transit,4280.0,1.03,5849.0,2016
Kepler-732b,,0.194,9.46781405,,,transit,490.0,0.49,3631.0,2016
Kepler-732c,,0.113,0.89304124,,,transit,490.0,0.49,3631.0,2016
Kepler-733b,,0.252,20.83424726,,,transit,3200.0,0.9,5418.0,2016
Kepler-734b,,0.318,6.10485286,,,transit,1800.0,0.85,5326.0,2016
Kepler-735b,,0.263,11.51516988,,,transit,2600.0,0.85,5107.0,2016
Kepler-736b,,0.261,3.60147201,,,transit,3280.0,0.86,5217.0,2016
Kepler-737b,,0.175,28.59915399,,,transit,640.0,0.51,3813.0,2016
Kepler-738b,,0.223,24.58721573,,,transit,3240.0,0.86,5327.0,2016
Kepler-739b,,0.296,12.53248465,,,transit,3680.0,0.93,5601.0,2016
Kepler-740b,,0.408,3.58410122,,,transit,4120.0,0.91,5438.0,2016
Kepler-741b,,0.265,7.03902374,,,transit,5000.0,1.16,6129.0,2016
Kepler-742b,,0.289,8.36086824,,,transit,1630.0,0.76,4642.0,2016
Kepler-743b,,0.108,3.17926292,,,transit,840.0,0.94,5486.0,2016
Kepler-744b,,0.145,12.06222443,,,transit,1590.0,0.94,5594.0,2016
Kepler-745b,,0.193,9.93143556,,,transit,3910.0,1.04,5849.0,2016
Kepler-746b,,0.099,3.48159251,,,transit,1500.0,0.91,5418.0,2016
Kepler-747b,,0.47,35.61760587,,,transit,2790.0,0.82,5096.0,2016
Kepler-748b,,0.225,7.40742793,,,transit,4150.0,1.07,5934.0,2016
Kepler-749b,,0.277,17.31716585,,,transit,2460.0,0.79,5009.0,2016
Kepler-750b,,0.274,9.42887179,,,transit,3850.0,1.15,6160.0,2016
Kepler-750c,,0.145,4.08899022,,,transit,3850.0,1.15,6160.0,2016
Kepler-751b,,0.219,17.44490636,,,transit,2440.0,0.87,5387.0,2016
Kepler-752b,,0.251,18.82747265,,,transit,3510.0,0.87,5373.0,2016
Kepler-753b,,0.17,5.74772501,,,transit,910.0,0.68,4346.0,2016
Kepler-754b,,0.179,14.5596237,,,transit,3890.0,1.06,5935.0,2016
Kepler-755b,,0.157,1.26909037,,,transit,1200.0,0.82,5043.0,2016
Kepler-755c,,0.112,2.85313364,,,transit,1200.0,0.82,5043.0,2016
Kepler-756b,,0.1,1.22486632,,,transit,2780.0,0.82,5282.0,2016
Kepler-757b,,0.121,1.02267882,,,transit,3310.0,1.08,6014.0,2016
Kepler-758b,,0.221,12.1097104,,,transit,4410.0,1.16,6228.0,2016
Kepler-758c,,0.151,4.75793986,,,transit,4410.0,1.16,6228.0,2016
Kepler-758d,,0.189,20.4966197,,,transit,4410.0,1.16,6228.0,2016
Kepler-758e,,0.136,8.1934719,,,transit,4410.0,1.16,6228.0,2016
Kepler-759b,,0.203,41.805985,,,transit,2910.0,1.04,5860.0,2016
Kepler-760b,,0.273,8.70419416,,,transit,2550.0,0.89,5322.0,2016
Kepler-760c,,0.132,2.46697439,,,transit,2550.0,0.89,5322.0,2016
Kepler-761b,,0.181,10.12804789,,,transit,2830.0,0.95,5706.0,2016
Kepler-762b,,1.131,3.7705521,,,transit,4780.0,1.06,5944.0,2016
Kepler-763b,,0.109,1.19655156,,,transit,2940.0,0.84,5166.0,2016
Kepler-764b,,0.146,7.33683936,,,transit,3300.0,0.92,5557.0,2016
Kepler-765b,,0.217,27.6655226,,,transit,3300.0,1.05,5901.0,2016
Kepler-766b,,0.302,6.10027804,,,transit,5260.0,1.1,5992.0,2016
Kepler-767b,,0.592,161.5280101,,,transit,3860.0,0.96,5694.0,2016
Kepler-768b,,0.16,11.3910025,,,transit,2590.0,0.82,5108.0,2016
Kepler-769b,,0.261,7.42608998,,,transit,4440.0,1.19,6186.0,2016
Kepler-769c,,0.16,15.9870174,,,transit,4440.0,1.19,6186.0,2016
Kepler-770b,,0.205,18.92540274,,,transit,2480.0,0.94,5598.0,2016
Kepler-770c,,0.107,1.47532231,,,transit,2480.0,0.94,5598.0,2016
Kepler-770d,,0.125,4.15244722,,,transit,2480.0,0.94,5598.0,2016
Kepler-771b,,0.162,8.73485836,,,transit,3300.0,1.03,5906.0,2016
Kepler-772b,,0.162,12.99207337,,,transit,2250.0,0.98,5714.0,2016
Kepler-773b,,0.128,3.74910006,,,transit,1720.0,1.04,5850.0,2016
Kepler-774b,,0.283,11.0895723,,,transit,3900.0,1.57,6403.0,2016
Kepler-775b,,0.106,0.97486893,,,transit,1300.0,0.92,5468.0,2016
Kepler-776b,,0.114,4.89718784,,,transit,2370.0,0.83,5071.0,2016
Kepler-777b,,0.131,5.72812599,,,transit,1250.0,0.58,4043.0,2016
Kepler-778b,,0.15,3.75574426,,,transit,2930.0,0.81,5102.0,2016
Kepler-779b,,0.082,7.09714223,,,transit,730.0,0.46,3804.0,2016
Kepler-780b,,0.079,0.67737516,,,transit,1700.0,1.01,5769.0,2016
Kepler-781b,,0.258,13.2140732,,,transit,3380.0,0.81,5162.0,2016
Kepler-782b,,0.286,158.6853308,,,transit,1340.0,0.98,5867.0,2016
Kepler-783b,,0.07,4.29264638,,,transit,1770.0,0.93,5521.0,2016
Kepler-784b,,0.141,31.5922646,,,transit,1970.0,1.0,5674.0,2016
Kepler-785b,,1.162,1.97376093,,,transit,2170.0,0.77,4739.0,2016
Kepler-786b,,0.217,53.5293487,,,transit,1670.0,0.81,4838.0,2016
Kepler-787b,,0.114,0.9283105,,,transit,1530.0,0.65,4248.0,2016
Kepler-788b,,0.227,8.39846269,,,transit,5380.0,1.16,6159.0,2016
Kepler-789b,,0.189,8.63847725,,,transit,2980.0,1.01,5870.0,2016
Kepler-790b,,0.194,13.73469807,,,transit,2370.0,0.84,5208.0,2016
Kepler-791b,,0.272,14.5539759,,,transit,4720.0,1.3,6383.0,2016
Kepler-792b,,0.175,11.30119217,,,transit,3930.0,1.09,5971.0,2016
Kepler-793b,,0.122,4.24153639,,,transit,2590.0,0.98,5745.0,2016
Kepler-794b,,0.188,11.13125132,,,transit,2490.0,1.19,5839.0,2016
Kepler-795b,,0.15,29.6193421,,,transit,1490.0,0.94,5631.0,2016
Kepler-796b,,0.116,6.40087618,,,transit,1230.0,0.93,5475.0,2016
Kepler-797b,,0.194,27.07237711,,,transit,2450.0,0.96,5680.0,2016
Kepler-798b,,0.213,13.71933369,,,transit,3540.0,1.19,6224.0,2016
Kepler-799b,,0.614,133.4605235,,,transit,3360.0,0.95,5681.0,2016
Kepler-800b,,0.254,14.13176026,,,transit,3420.0,0.85,5315.0,2016
Kepler-801b,,0.178,11.41928253,,,transit,1370.0,0.67,4435.0,2016
Kepler-802b,,0.316,40.0587473,,,transit,2700.0,0.93,5507.0,2016
Kepler-803b,,0.338,50.28638192,,,transit,2010.0,1.05,5919.0,2016
Kepler-804b,,0.173,14.37457351,,,transit,2110.0,1.01,5817.0,2016
Kepler-804c,,0.102,9.65185017,,,transit,2110.0,1.01,5817.0,2016
Kepler-805b,,0.258,30.8638931,,,transit,2140.0,1.19,6112.0,2016
Kepler-806b,,0.102,8.09219642,,,transit,850.0,0.99,5770.0,2016
Kepler-808b,,0.13,0.63133235,,,transit,1050.0,0.76,4653.0,2016
Kepler-809b,,0.269,55.63934,,,transit,3040.0,0.99,5734.0,2016
Kepler-810b,,0.172,4.59725385,,,transit,5070.0,1.03,5803.0,2016
Kepler-811b,,0.241,23.58447697,,,transit,2760.0,1.01,5747.0,2016
Kepler-812b,,0.317,10.11716531,,,transit,4830.0,1.45,6761.0,2016
Kepler-813b,,0.191,19.12947337,,,transit,2700.0,0.95,5743.0,2016
Kepler-814b,,0.189,6.1469851,,,transit,4330.0,1.15,6162.0,2016
Kepler-815b,,0.367,8.57503552,,,transit,3910.0,1.25,5028.0,2016
Kepler-816b,,0.914,10.50682565,,,transit,3450.0,0.9,5286.0,2016
Kepler-817b,,0.806,3.99010623,,,transit,4570.0,1.03,5861.0,2016
Kepler-818b,,0.456,10.03538581,,,transit,3150.0,0.94,5638.0,2016
Kepler-819b,,0.246,33.1995648,,,transit,2350.0,0.86,5279.0,2016
Kepler-820b,,0.543,127.8338098,,,transit,3230.0,1.23,6260.0,2016
Kepler-821b,,0.117,1.92279873,,,transit,2020.0,0.84,5191.0,2016
Kepler-822b,,0.158,3.22296927,,,transit,3120.0,1.06,5928.0,2016
Kepler-823b,,0.14,4.16809082,,,transit,2920.0,0.98,5643.0,2016
Kepler-824b,,0.167,4.51436633,,,transit,4410.0,1.15,6035.0,2016
Kepler-825b,,0.136,3.77360059,,,transit,2700.0,1.03,5976.0,2016
Kepler-825c,,0.164,8.1818246,,,transit,2700.0,1.03,5976.0,2016
Kepler-826b,,0.112,4.48758907,,,transit,2120.0,1.05,6079.0,2016
Kepler-827b,,0.502,51.92927591,,,transit,4410.0,0.93,5602.0,2016
Kepler-828b,,0.135,0.56785714,,,transit,2040.0,0.81,5039.0,2016
Kepler-829b,,0.188,6.88337562,,,transit,3110.0,0.98,5698.0,2016
Kepler-830b,,0.152,11.29695137,,,transit,3660.0,1.07,6037.0,2016
Kepler-831b,,0.113,5.62153941,,,transit,1880.0,0.99,5732.0,2016
Kepler-832b,,0.184,7.1396941,,,transit,4390.0,0.92,5596.0,2016
Kepler-833b,,0.18,18.7546998,,,transit,1370.0,0.64,4339.0,2016
Kepler-834b,,0.18,13.32388301,,,transit,2000.0,0.7,4554.0,2016
Kepler-835b,,0.249,11.41909375,,,transit,6560.0,1.08,5954.0,2016
Kepler-836b,,0.244,11.36112327,,,transit,3270.0,1.03,5895.0,2016
Kepler-837b,,0.228,16.56059504,,,transit,2760.0,0.85,5403.0,2016
Kepler-838b,,0.244,15.74957994,,,transit,3900.0,0.98,5770.0,2016
Kepler-839b,,0.229,37.8144514,,,transit,2720.0,1.22,6058.0,2016
Kepler-841b,,0.467,124.4198398,,,transit,3430.0,0.85,5324.0,2016
Kepler-842b,,0.143,1.21956827,,,transit,1800.0,0.78,4848.0,2016
Kepler-843b,,0.231,2.05387982,,,transit,4070.0,1.02,5830.0,2016
Kepler-844b,,0.15,2.61302086,,,transit,1290.0,0.59,4128.0,2016
Kepler-845b,,0.182,0.92785982,,,transit,1540.0,0.79,4913.0,2016
Kepler-846b,,0.221,19.80792185,,,transit,4020.0,0.94,5579.0,2016
Kepler-847b,,0.105,2.3432319,,,transit,1730.0,0.83,4940.0,2016
Kepler-848b,,0.152,6.91134416,,,transit,2600.0,1.01,5695.0,2016
Kepler-849b,,0.637,394.6244904,,,transit,2440.0,1.23,6059.0,2016
Kepler-850b,,0.159,7.19303878,,,transit,5010.0,1.06,5932.0,2016
Kepler-851b,,0.15,8.50699658,,,transit,2830.0,0.89,5455.0,2016
Kepler-852b,,0.227,44.9309804,,,transit,2790.0,1.19,6100.0,2016
Kepler-853b,,0.151,7.16892463,,,transit,2000.0,1.3,6350.0,2016
Kepler-855b,,0.745,7.8866311,,,transit,3400.0,1.03,5835.0,2016
Kepler-856b,,0.83,8.02768059,,,transit,3830.0,0.96,5535.0,2016
Kepler-857b,,0.607,85.35129427,,,transit,3390.0,0.99,5773.0,2016
Kepler-858b,,0.434,76.13602028,,,transit,970.0,0.96,5653.0,2016
Kepler-859b,,0.276,20.38177573,,,transit,2980.0,0.81,5020.0,2016
Kepler-860b,,0.289,5.10137945,,,transit,4220.0,1.04,5836.0,2016
Kepler-861b,,0.203,3.94963138,,,transit,2630.0,0.82,5047.0,2016
Kepler-862b,,0.197,3.14866453,,,transit,2630.0,0.88,5333.0,2016
Kepler-863b,,0.259,15.59461874,,,transit,3730.0,0.96,5678.0,2016
Kepler-864b,,0.214,5.83376092,,,transit,5130.0,1.0,5754.0,2016
Kepler-865b,,0.222,14.16399294,,,transit,2170.0,0.93,5570.0,2016
Kepler-866b,,0.145,2.61703254,,,transit,2300.0,0.75,4751.0,2016
Kepler-867b,,0.414,150.242127,,,transit,2690.0,0.92,5541.0,2016
Kepler-868b,,0.183,5.03251791,,,transit,4140.0,0.93,5614.0,2016
Kepler-869b,,0.322,40.4287755,,,transit,3120.0,0.97,5664.0,2016
Kepler-870b,,0.248,21.3587621,,,transit,4010.0,1.01,5857.0,2016
Kepler-871b,,0.334,22.0459018,,,transit,5530.0,1.11,5993.0,2016
Kepler-872b,,0.178,2.57885507,,,transit,3630.0,1.05,5902.0,2016
Kepler-873b,,0.335,20.5533844,,,transit,4560.0,1.18,6163.0,2016
Kepler-874b,,0.352,40.0686727,,,transit,3500.0,1.09,6020.0,2016
Kepler-875b,,0.259,27.5073799,,,transit,4060.0,1.06,5958.0,2016
Kepler-876b,,0.128,5.14438011,,,transit,2400.0,0.81,5060.0,2016
Kepler-877b,,0.189,18.45847097,,,transit,1870.0,0.85,5261.0,2016
Kepler-878b,,0.172,25.9422033,,,transit,1850.0,0.81,5044.0,2016
Kepler-879b,,0.229,33.3855938,,,transit,2520.0,1.02,5792.0,2016
Kepler-880b,,0.237,7.71468975,,,transit,2200.0,1.46,6761.0,2016
Kepler-881b,,0.159,4.44448017,,,transit,4450.0,1.06,5961.0,2016
Kepler-882b,,0.11,3.98953967,,,transit,1710.0,0.9,5476.0,2016
Kepler-883b,,0.159,12.98495573,,,transit,1790.0,1.06,6116.0,2016
Kepler-884b,,0.11,5.69919514,,,transit,1400.0,1.0,5715.0,2016
Kepler-885b,,0.223,18.11472949,,,transit,2060.0,1.21,6187.0,2016
Kepler-886b,,0.136,6.24146367,,,transit,2800.0,1.1,6098.0,2016
Kepler-887b,,0.164,20.42228798,,,transit,2710.0,1.19,6194.0,2016
Kepler-887c,,0.101,7.63846023,,,transit,2710.0,1.19,6194.0,2016
Kepler-888b,,0.157,70.6979061,,,transit,1350.0,0.97,5875.0,2016
Kepler-889b,,0.097,3.744439,,,transit,1670.0,1.14,5961.0,2016
Kepler-890b,,0.793,52.75875577,,,transit,4520.0,1.09,5954.0,2016
Kepler-891b,,0.572,53.44945593,,,transit,4470.0,1.06,5887.0,2016
Kepler-892b,,0.251,13.7521072,,,transit,2100.0,0.75,4747.0,2016
Kepler-893b,,0.27,6.33855761,,,transit,3970.0,1.0,5820.0,2016
Kepler-894b,,0.248,9.803224,,,transit,3600.0,0.87,5603.0,2016
Kepler-895b,,0.137,2.80624233,,,transit,1680.0,0.65,4315.0,2016
Kepler-896b,,0.226,144.547396,,,transit,2920.0,0.84,5262.0,2016
Kepler-897b,,0.213,8.0472642,,,transit,3740.0,1.03,5839.0,2016
Kepler-898b,,0.133,5.8706191,,,transit,1560.0,0.65,4223.0,2016
Kepler-899b,,0.239,19.17891293,,,transit,3390.0,0.93,5595.0,2016
Kepler-900b,,0.186,6.9913086,,,transit,1650.0,0.78,4836.0,2016
Kepler-901b,,0.122,3.51749439,,,transit,790.0,0.59,4184.0,2016
Kepler-902b,,0.227,40.1099547,,,transit,2950.0,0.95,5647.0,2016
Kepler-903b,,0.179,10.3507721,,,transit,2700.0,0.98,5682.0,2016
Kepler-903c,,0.226,62.9228557,,,transit,2700.0,0.98,5682.0,2016
Kepler-904b,,0.158,3.02166863,,,transit,3750.0,1.16,6160.0,2016
Kepler-905b,,0.126,5.08274652,,,transit,1700.0,0.95,5461.0,2016
Kepler-906b,,0.188,41.6979976,,,transit,2470.0,1.06,6035.0,2016
Kepler-907b,,0.107,15.86621821,,,transit,1150.0,1.08,6106.0,2016
Kepler-908b,,0.109,1.34059747,,,transit,820.0,1.11,5973.0,2016
Kepler-909b,,0.131,13.93290318,,,transit,1040.0,1.17,6154.0,2016
Kepler-910b,,0.073,2.36436901,,,transit,1310.0,1.26,6230.0,2016
Kepler-911b,,0.232,20.310501,,,transit,1850.0,1.34,6112.0,2016
Kepler-912b,,0.25,2.53475627,,,transit,4130.0,1.07,5998.0,2016
Kepler-913b,,0.184,10.29672521,,,transit,1950.0,0.63,4687.0,2016
Kepler-914b,,0.123,4.40966548,,,transit,2210.0,1.1,5877.0,2016
Kepler-915b,,0.134,4.59489604,,,transit,2630.0,1.21,6173.0,2016
Kepler-916b,,0.157,32.2968798,,,transit,2510.0,0.85,5248.0,2016
Kepler-917b,,0.17,2.97041437,,,transit,3350.0,0.8,5418.0,2016
Kepler-918b,,0.155,4.85386933,,,transit,4060.0,1.11,6028.0,2016
Kepler-919b,,0.201,11.04603384,,,transit,3980.0,1.15,6113.0,2016
Kepler-920b,,0.216,6.53192704,,,transit,3020.0,0.89,5403.0,2016
Kepler-920c,,0.339,100.8274113,,,transit,3020.0,0.89,5403.0,2016
Kepler-921b,,0.256,51.300634,,,transit,2760.0,0.93,5663.0,2016
Kepler-922b,,0.127,0.93846683,,,transit,1820.0,0.95,5671.0,2016
Kepler-923b,,0.123,6.93366476,,,transit,3150.0,1.11,5988.0,2016
Kepler-924b,,0.274,61.0370117,,,transit,3250.0,1.14,6167.0,2016
Kepler-925b,,0.209,33.8678531,,,transit,2030.0,0.77,4673.0,2016
Kepler-926b,,0.206,52.0688601,,,transit,2510.0,1.01,5806.0,2016
Kepler-927b,,0.153,9.1149903,,,transit,2870.0,0.99,5743.0,2016
Kepler-928b,,0.142,3.9324613,,,transit,1740.0,0.73,4700.0,2016
Kepler-929b,,0.099,0.92103214,,,transit,2700.0,1.01,5869.0,2016
Kepler-930b,,0.19,71.4517775,,,transit,2950.0,1.25,6335.0,2016
Kepler-931b,,0.119,8.03755877,,,transit,1600.0,0.86,5241.0,2016
Kepler-932b,,0.122,1.9214374,,,transit,1560.0,0.87,5331.0,2016
Kepler-933b,,0.219,14.20443009,,,transit,3010.0,0.87,5346.0,2016
Kepler-934b,,0.186,55.6738309,,,transit,1970.0,0.81,5001.0,2016
Kepler-935b,,0.12,4.88083852,,,transit,1570.0,0.78,4830.0,2016
Kepler-936b,,0.129,10.56134221,,,transit,2240.0,0.92,5482.0,2016
Kepler-937b,,0.332,67.668827,,,transit,4830.0,1.15,6095.0,2016
Kepler-937c,,0.238,153.343364,,,transit,4830.0,1.15,6095.0,2016
Kepler-938b,,0.198,52.6298417,,,transit,2810.0,0.92,5533.0,2016
Kepler-939b,,0.156,14.878296,,,transit,3360.0,0.88,5471.0,2016
Kepler-940b,,0.298,59.6225257,,,transit,4300.0,0.97,5769.0,2016
Kepler-941b,,0.275,17.42395198,,,transit,3600.0,0.89,5539.0,2016
Kepler-942b,,0.19,44.96417488,,,transit,710.0,0.81,4861.0,2016
Kepler-943b,,0.529,49.7701438,,,transit,4040.0,0.93,5612.0,2016
Kepler-944b,,0.235,43.3167737,,,transit,3380.0,0.86,5409.0,2016
Kepler-945b,,0.235,31.0033814,,,transit,5030.0,0.97,5718.0,2016
Kepler-946b,,0.172,11.79162572,,,transit,2990.0,0.94,5665.0,2016
Kepler-947b,,0.203,26.9644317,,,transit,3870.0,0.9,5508.0,2016
Kepler-948b,,0.165,7.76846622,,,transit,2880.0,0.96,5679.0,2016
Kepler-949b,,0.26,8.6893073,,,transit,1870.0,0.89,5403.0,2016
Kepler-950b,,0.801,98.7180406,,,transit,4860.0,1.02,5857.0,2016
Kepler-951b,,0.499,71.52530845,,,transit,1330.0,0.77,4834.0,2016
Kepler-952b,,0.682,130.3546919,,,transit,3810.0,1.0,5730.0,2016
Kepler-953b,,0.376,88.40655258,,,transit,780.0,0.95,5416.0,2016
Kepler-953c,,0.106,9.10967112,,,transit,780.0,0.95,5416.0,2016
Kepler-954b,,0.207,16.78176602,,,transit,730.0,0.82,4990.0,2016
Kepler-955b,,0.279,14.53244172,,,transit,2080.0,0.89,5350.0,2016
Kepler-956b,,0.268,5.24867263,,,transit,2060.0,1.1,6040.0,2016
Kepler-957b,,0.491,5.90741354,,,transit,2440.0,0.81,4963.0,2016
Kepler-958b,,0.184,9.7678805,,,transit,1520.0,0.91,5421.0,2016
Kepler-959b,,0.391,14.80074836,,,transit,3270.0,1.6,7005.0,2016
Kepler-960b,,0.204,3.12686223,,,transit,970.0,0.77,4755.0,2016
Kepler-961b,,0.227,16.87727414,,,transit,1980.0,0.96,5582.0,2016
Kepler-962b,,0.176,12.05707239,,,transit,1430.0,0.93,5478.0,2016
Kepler-963b,,0.237,9.97683705,,,transit,2560.0,0.91,5461.0,2016
Kepler-964b,,0.189,13.5225106,,,transit,1560.0,0.93,5427.0,2016
Kepler-965b,,0.302,134.2527298,,,transit,2020.0,1.05,5886.0,2016
Kepler-966b,,0.368,99.747622,,,transit,2520.0,1.02,5840.0,2016
Kepler-967b,,0.21,13.22713379,,,transit,1630.0,0.84,5178.0,2016
Kepler-967c,,0.326,198.7112502,,,transit,1630.0,0.84,5178.0,2016
Kepler-968b,,0.178,3.69298373,,,transit,1020.0,0.76,4598.0,2016
Kepler-968c,,0.151,5.70940492,,,transit,1020.0,0.76,4598.0,2016
Kepler-969b,,0.185,34.1731714,,,transit,1340.0,0.92,5214.0,2016
Kepler-969c,,0.088,1.6829346,,,transit,1340.0,0.92,5214.0,2016
Kepler-970b,,0.247,16.73652231,,,transit,1100.0,0.7,4511.0,2016
Kepler-971b,,0.19,9.59070716,,,transit,1130.0,0.88,5431.0,2016
Kepler-972b,,0.415,7.03932553,,,transit,4250.0,1.15,6146.0,2016
Kepler-973b,,0.175,49.6077331,,,transit,970.0,0.86,5213.0,2016
Kepler-974b,,0.14,4.19449651,,,transit,390.0,0.52,3687.0,2016
Kepler-975b,,0.132,1.97034246,,,transit,1320.0,0.8,4897.0,2016
Kepler-976b,,0.353,105.9564148,,,transit,3300.0,0.87,5232.0,2016
Kepler-977b,,0.234,26.85328322,,,transit,2170.0,0.87,5315.0,2016
Kepler-978b,,0.267,49.6221509,,,transit,2040.0,1.07,6002.0,2016
Kepler-979b,,0.243,8.0880135,,,transit,1980.0,0.87,5310.0,2016
Kepler-980b,,0.238,11.55102504,,,transit,2620.0,1.05,5935.0,2016
Kepler-981b,,0.206,4.46975774,,,transit,2980.0,0.98,5718.0,2016
Kepler-982b,,0.201,15.7738221,,,transit,2290.0,1.16,6139.0,2016
Kepler-983b,,0.211,60.0855082,,,transit,2140.0,1.13,6052.0,2016
Kepler-984b,,0.189,43.0342272,,,transit,1500.0,0.96,5610.0,2016
Kepler-985b,,0.266,116.331901,,,transit,2420.0,0.91,5434.0,2016
Kepler-986b,,0.211,56.4349938,,,transit,1840.0,0.96,5642.0,2016
Kepler-987b,,0.291,105.3033148,,,transit,3050.0,0.97,5637.0,2016
Kepler-988b,,0.185,17.76080053,,,transit,810.0,0.55,4005.0,2016
Kepler-989b,,0.197,7.96431535,,,transit,1580.0,0.82,5074.0,2016
Kepler-990b,,0.232,9.91723428,,,transit,3040.0,1.05,5948.0,2016
Kepler-990c,,0.136,0.53835431,,,transit,3040.0,1.05,5948.0,2016
Kepler-991b,,0.227,82.5342519,,,transit,1200.0,0.64,4392.0,2016
Kepler-992b,,0.145,20.16034462,,,transit,870.0,0.8,4944.0,2016
Kepler-993b,,0.265,22.08557563,,,transit,970.0,0.57,3843.0,2016
Kepler-994b,,0.143,1.15116651,,,transit,550.0,0.56,3934.0,2016
Kepler-995b,,0.241,28.26731672,,,transit,2150.0,0.83,5206.0,2016
Kepler-996b,,0.177,3.77059058,,,transit,3580.0,1.09,6014.0,2016
Kepler-997b,,0.121,2.70730672,,,transit,1500.0,1.22,6150.0,2016
Kepler-998b,,0.207,5.65377733,,,transit,3250.0,1.12,6058.0,2016
Kepler-999b,,0.209,5.99185702,,,transit,1850.0,1.29,6237.0,2016
Kepler-1000b,,0.425,120.0181272,,,transit,3020.0,1.4,6453.0,2016
Kepler-1001b,,0.281,14.30511983,,,transit,3290.0,0.9,5491.0,2016
Kepler-1002b,,0.153,4.33642933,,,transit,1390.0,1.22,6144.0,2016
Kepler-1003b,,0.159,3.55485691,,,transit,2850.0,1.11,6109.0,2016
Kepler-1004b,,0.56,5.28789787,,,transit,3500.0,1.11,4972.0,2016
Kepler-1005b,,0.134,6.49801525,,,transit,1680.0,1.0,5782.0,2016
Kepler-1006b,,0.137,19.76172042,,,transit,1620.0,0.78,5328.0,2016
Kepler-1007b,,0.128,5.18500207,,,transit,1190.0,0.73,4587.0,2016
Kepler-1008b,,0.114,12.43931193,,,transit,980.0,0.81,5066.0,2016
Kepler-1009b,,0.194,11.35011917,,,transit,920.0,0.59,4027.0,2016
Kepler-1010b,,0.207,34.2685705,,,transit,2000.0,0.86,5253.0,2016
Kepler-1011b,,0.256,5.75322197,,,transit,2800.0,0.91,5416.0,2016
Kepler-1012b,,0.115,5.50860439,,,transit,1400.0,0.95,5556.0,2016
Kepler-1013b,,0.192,18.93054959,,,transit,1410.0,0.81,4954.0,2016
Kepler-1014b,,0.213,16.57110363,,,transit,2190.0,0.88,5388.0,2016
Kepler-1015b,,0.317,16.00494214,,,transit,3040.0,1.49,6769.0,2016
Kepler-1016b,,0.194,1.95452434,,,transit,4040.0,0.99,5821.0,2016
Kepler-1016c,,0.328,105.6551369,,,transit,4040.0,0.99,5821.0,2016
Kepler-1017b,,0.178,7.23400469,,,transit,1810.0,0.93,5473.0,2016
Kepler-1018b,,0.23,49.1013514,,,transit,2920.0,0.91,5518.0,2016
Kepler-1019b,,0.13,1.41122985,,,transit,650.0,0.7,4433.0,2016
Kepler-1020b,,0.203,96.9151496,,,transit,1450.0,0.87,5227.0,2016
Kepler-1021b,,0.208,13.47469571,,,transit,2730.0,0.89,5431.0,2016
Kepler-1022b,,0.211,10.99469878,,,transit,1480.0,0.71,4445.0,2016
Kepler-1023b,,0.235,62.1387714,,,transit,2240.0,0.93,5494.0,2016
Kepler-1024b,,0.349,66.4162133,,,transit,3320.0,0.81,5143.0,2016
Kepler-1025b,,0.177,37.3229493,,,transit,2340.0,1.09,6089.0,2016
Kepler-1026b,,0.197,36.5156053,,,transit,1270.0,0.79,4948.0,2016
Kepler-1027b,,0.079,1.9078052,,,transit,950.0,0.91,5436.0,2016
Kepler-1028b,,0.119,2.51462432,,,transit,2060.0,0.9,5522.0,2016
Kepler-1029b,,0.112,4.41769648,,,transit,1380.0,0.82,5030.0,2016
Kepler-1030b,,0.221,19.32952416,,,transit,2590.0,0.8,4983.0,2016
Kepler-1031b,,0.078,1.22621732,,,transit,2420.0,1.09,6011.0,2016
Kepler-1032b,,0.167,3.29011795,,,transit,1980.0,0.77,4647.0,2016
Kepler-1033b,,0.224,7.56052806,,,transit,4650.0,0.94,5547.0,2016
Kepler-1034b,,0.202,12.12400943,,,transit,2300.0,0.83,5198.0,2016
Kepler-1035b,,0.104,2.71407755,,,transit,1330.0,0.98,5763.0,2016
Kepler-1036b,,0.269,122.8808058,,,transit,1650.0,0.95,5533.0,2016
Kepler-1037b,,0.114,1.06378867,,,transit,1470.0,0.82,5105.0,2016
Kepler-1038b,,0.315,148.4603382,,,transit,2030.0,0.87,5335.0,2016
Kepler-1039b,,0.13,0.93488424,,,transit,1060.0,0.79,4870.0,2016
Kepler-1040b,,0.186,201.1214,,,transit,1540.0,0.98,5694.0,2016
Kepler-1041b,,0.262,24.7576421,,,transit,3190.0,1.06,5957.0,2016
Kepler-1042b,,0.195,10.13202575,,,transit,2150.0,0.75,4815.0,2016
Kepler-1043b,,0.227,38.5053398,,,transit,2730.0,0.92,5629.0,2016
Kepler-1044b,,0.238,6.77408868,,,transit,4920.0,1.08,5985.0,2016
Kepler-1045b,,0.24,26.41045478,,,transit,3170.0,0.86,5301.0,2016
Kepler-1046b,,0.153,14.37508035,,,transit,1690.0,1.04,5913.0,2016
Kepler-1047b,,0.186,56.1886887,,,transit,1850.0,1.08,5754.0,2016
Kepler-1047c,,0.088,3.18897601,,,transit,1850.0,1.08,5754.0,2016
Kepler-1048b,,0.144,6.92101021,,,transit,1350.0,0.75,4651.0,2016
Kepler-1049b,,0.085,3.27346074,,,transit,420.0,0.51,3864.0,2016
Kepler-1050b,,0.143,15.3787546,,,transit,1810.0,1.09,6010.0,2016
Kepler-1050c,,0.132,21.1284569,,,transit,1810.0,1.09,6010.0,2016
Kepler-1051b,,0.303,25.96200249,,,transit,3330.0,1.43,6675.0,2016
Kepler-1052b,,0.261,34.8538276,,,transit,3430.0,1.03,5888.0,2016
Kepler-1053b,,0.087,2.41435165,,,transit,560.0,0.74,4529.0,2016
Kepler-1054b,,0.235,4.30655689,,,transit,3400.0,1.22,6209.0,2016
Kepler-1055b,,0.11,2.29503623,,,transit,1380.0,0.98,5723.0,2016
Kepler-1056b,,0.269,27.495606,,,transit,3170.0,1.12,6127.0,2016
Kepler-1057b,,0.3,14.08827448,,,transit,4770.0,1.07,5987.0,2016
Kepler-1058b,,0.243,110.96546,,,transit,1710.0,0.73,4644.0,2016
Kepler-1059b,,0.154,3.76419105,,,transit,2200.0,0.75,4906.0,2016
Kepler-1060b,,0.212,46.8779367,,,transit,2810.0,0.99,5797.0,2016
Kepler-1061b,,0.177,2.75798267,,,transit,1910.0,1.09,6067.0,2016
Kepler-1062b,,0.157,9.30412078,,,transit,1270.0,0.75,4597.0,2016
Kepler-1063b,,0.133,14.07971466,,,transit,1190.0,1.09,5945.0,2016
Kepler-1064b,,0.138,16.54080322,,,transit,1220.0,0.85,5153.0,2016
Kepler-1065b,,0.333,3.60930891,,,transit,3520.0,0.94,5635.0,2016
Kepler-1065c,,0.143,2.37030743,,,transit,3520.0,0.94,5635.0,2016
Kepler-1066b,,0.211,1.93155984,,,transit,1300.0,0.98,5762.0,2016
Kepler-1067b,,0.071,0.76212926,,,transit,2250.0,0.95,5592.0,2016
Kepler-1068b,,0.324,16.92344113,,,transit,5000.0,1.01,5806.0,2016
Kepler-1069b,,0.143,23.8990296,,,transit,1420.0,0.99,5722.0,2016
Kepler-1070b,,0.154,6.2216147,,,transit,3400.0,1.21,6261.0,2016
Kepler-1071b,,0.212,6.1799844,,,transit,3140.0,0.86,5215.0,2016
Kepler-1072b,,0.141,1.5690665,,,transit,3180.0,1.2,6199.0,2016
Kepler-1073b,,0.205,8.67888593,,,transit,2730.0,1.0,5792.0,2016
Kepler-1073c,,0.146,4.02582254,,,transit,2730.0,1.0,5792.0,2016
Kepler-1074b,,0.112,5.94566534,,,transit,800.0,0.6,4002.0,2016
Kepler-1075b,,0.127,1.52372816,,,transit,860.0,0.56,3959.0,2016
Kepler-1076b,,0.071,6.14727918,,,transit,650.0,0.79,4868.0,2016
Kepler-1077b,,0.247,34.3511874,,,transit,3580.0,1.02,5816.0,2016
Kepler-1078b,,0.17,3.00725242,,,transit,3960.0,0.94,5612.0,2016
Kepler-1079b,,0.145,13.24503188,,,transit,1570.0,1.08,5758.0,2016
Kepler-1080b,,0.293,77.2548396,,,transit,2240.0,1.1,5956.0,2016
Kepler-1081b,,0.09,3.85691855,,,transit,1390.0,0.88,5345.0,2016
Kepler-1082b,,0.1,1.5432066,,,transit,2050.0,1.03,5923.0,2016
Kepler-1083b,,0.3,33.4177993,,,transit,2970.0,0.81,5049.0,2016
Kepler-1084b,,0.099,2.05333679,,,transit,1390.0,1.12,6113.0,2016
Kepler-1085b,,0.644,219.3217528,,,transit,4950.0,1.11,6000.0,2016
Kepler-1086b,,0.218,18.78425728,,,transit,1510.0,0.7,4350.0,2016
Kepler-1086c,,0.262,161.5163345,,,transit,1510.0,0.7,4350.0,2016
Kepler-1087b,,0.054,0.69384285,,,transit,1150.0,0.96,5589.0,2016
Kepler-1088b,,0.127,23.12748644,,,transit,980.0,1.08,5975.0,2016
Kepler-1089b,,0.163,5.13248562,,,transit,740.0,0.52,3753.0,2016
Kepler-1090b,,0.201,198.680179,,,transit,2290.0,0.86,5321.0,2016
Kepler-1091b,,0.13,1.43474156,,,transit,2980.0,1.01,5851.0,2016
Kepler-1092b,,0.185,58.6017925,,,transit,2980.0,0.99,5862.0,2016
Kepler-1093b,,0.174,25.0824626,,,transit,2770.0,1.13,6166.0,2016
Kepler-1093c,,0.175,89.722292,,,transit,2770.0,1.13,6166.0,2016
Kepler-1094b,,0.284,78.1000231,,,transit,4470.0,1.14,6112.0,2016
Kepler-1095b,,0.108,4.27103091,,,transit,2470.0,0.94,5658.0,2016
Kepler-1096b,,0.111,2.89221751,,,transit,1120.0,0.66,4306.0,2016
Kepler-1097b,,0.291,187.747029,,,transit,2410.0,0.82,5211.0,2016
Kepler-1098b,,0.116,2.54307286,,,transit,2860.0,0.99,5794.0,2016
Kepler-1099b,,0.252,2.16845259,,,transit,3940.0,1.01,5837.0,2016
Kepler-1100b,,0.156,6.42200058,,,transit,3100.0,1.21,6247.0,2016
Kepler-1101b,,0.22,81.3151059,,,transit,2930.0,0.94,5614.0,2016
Kepler-1102b,,0.237,51.3285623,,,transit,3220.0,0.96,5724.0,2016
Kepler-1103b,,0.203,19.79191978,,,transit,3000.0,1.11,6092.0,2016
Kepler-1104b,,0.11,5.03728015,,,transit,1680.0,1.3,6417.0,2016
Kepler-1105b,,0.179,4.42157218,,,transit,1200.0,0.71,4299.0,2016
Kepler-1106b,,0.147,1.25275217,,,transit,3810.0,1.11,6104.0,2016
Kepler-1107b,,0.12,0.57103852,,,transit,1490.0,0.86,5268.0,2016
Kepler-1108b,,0.13,4.51005748,,,transit,2490.0,0.88,5406.0,2016
Kepler-1109b,,0.195,37.6467384,,,transit,2600.0,1.05,5893.0,2016
Kepler-1110b,,0.237,9.69312032,,,transit,2370.0,0.73,4781.0,2016
Kepler-1111b,,0.178,8.79617863,,,transit,3720.0,1.1,6077.0,2016
Kepler-1112b,,0.269,14.36267939,,,transit,5660.0,1.34,6496.0,2016
Kepler-1113b,,0.251,42.3004954,,,transit,3680.0,1.12,5931.0,2016
Kepler-1114b,,0.12,14.97435694,,,transit,1390.0,0.87,5374.0,2016
Kepler-1115b,,0.152,23.5540725,,,transit,3050.0,1.6,8480.0,2016
Kepler-1116b,,0.227,41.6977827,,,transit,3320.0,0.95,5641.0,2016
Kepler-1117b,,0.099,4.79028459,,,transit,2020.0,0.95,5612.0,2016
Kepler-1118b,,0.244,38.6715075,,,transit,2670.0,0.96,5688.0,2016
Kepler-1119b,,0.171,8.3265153,,,transit,4200.0,1.11,6083.0,2016
Kepler-1120b,,0.123,2.94902905,,,transit,2070.0,0.78,4904.0,2016
Kepler-1121b,,0.17,13.15141081,,,transit,1730.0,1.29,6231.0,2016
Kepler-1122b,,0.182,42.1917357,,,transit,3010.0,0.92,5544.0,2016
Kepler-1123b,,0.149,4.33946454,,,transit,2600.0,0.93,5500.0,2016
Kepler-1124b,,0.114,2.85234897,,,transit,580.0,0.35,3658.0,2016
Kepler-1125b,,0.164,17.6700642,,,transit,3000.0,0.95,5683.0,2016
Kepler-1126b,,0.154,108.593329,,,transit,2180.0,0.92,5798.0,2016
Kepler-1127b,,0.175,5.12330347,,,transit,3250.0,0.97,5664.0,2016
Kepler-1128b,,0.326,61.6178167,,,transit,3790.0,0.94,5543.0,2016
Kepler-1129b,,0.264,24.3397804,,,transit,4100.0,1.0,5831.0,2016
Kepler-1129c,,0.244,76.5369586,,,transit,4100.0,1.0,5831.0,2016
Kepler-1130b,,0.071,5.45298175,,,transit,760.0,0.9,5403.0,2016
Kepler-1131b,,0.142,3.53232449,,,transit,3620.0,1.03,5851.0,2016
Kepler-1132b,,0.21,62.8916228,,,transit,3100.0,0.87,5298.0,2016
Kepler-1133b,,0.176,11.55562343,,,transit,2680.0,0.93,5569.0,2016
Kepler-1134b,,0.236,17.13263989,,,transit,3250.0,0.84,5281.0,2016
Kepler-1135b,,0.165,76.957857,,,transit,2370.0,0.96,5656.0,2016
Kepler-1136b,,0.146,2.36172433,,,transit,1780.0,0.72,4512.0,2016
Kepler-1137b,,0.196,23.9210791,,,transit,3170.0,1.5,6807.0,2016
Kepler-1138b,,0.152,3.17060005,,,transit,3590.0,0.95,5582.0,2016
Kepler-1139b,,0.106,0.81316672,,,transit,1810.0,0.94,5550.0,2016
Kepler-1140b,,0.247,24.0862707,,,transit,2140.0,0.76,4850.0,2016
Kepler-1141b,,0.073,2.34451194,,,transit,1190.0,1.01,5791.0,2016
Kepler-1142b,,0.131,18.3027248,,,transit,2270.0,0.97,5685.0,2016
Kepler-1143b,,0.149,2.88890485,,,transit,2060.0,0.81,5053.0,2016
Kepler-1143c,,0.321,210.630591,,,transit,2060.0,0.81,5053.0,2016
Kepler-1144b,,0.178,17.14647302,,,transit,3300.0,0.98,5753.0,2016
Kepler-1145b,,0.125,3.97076766,,,transit,2330.0,0.79,5064.0,2016
Kepler-1146b,,0.11,2.3522658,,,transit,2260.0,0.74,4692.0,2016
Kepler-1147b,,0.233,10.62784997,,,transit,4810.0,1.09,5941.0,2016
Kepler-1148b,,0.151,1.10446351,,,transit,2220.0,0.81,5054.0,2016
Kepler-1149b,,0.128,3.73089898,,,transit,3340.0,1.02,5833.0,2016
Kepler-1150b,,0.091,2.78786839,,,transit,1220.0,0.76,4754.0,2016
Kepler-1151b,,0.198,65.6478424,,,transit,2490.0,0.88,5470.0,2016
Kepler-1152b,,0.078,1.64680191,,,transit,600.0,0.55,3964.0,2016
Kepler-1153b,,0.154,1.75583533,,,transit,3860.0,0.91,5470.0,2016
Kepler-1154b,,0.209,5.1856142,,,transit,4990.0,1.26,6327.0,2016
Kepler-1154c,,0.211,8.45808312,,,transit,4990.0,1.26,6327.0,2016
Kepler-1155b,,0.181,33.469743,,,transit,3220.0,1.03,5842.0,2016
Kepler-1156b,,0.118,11.89520511,,,transit,2480.0,1.0,5778.0,2016
Kepler-1157b,,0.097,4.45743164,,,transit,1130.0,0.76,4679.0,2016
Kepler-1158b,,0.209,13.5396293,,,transit,4100.0,1.41,6203.0,2016
Kepler-1159b,,0.211,22.70816791,,,transit,4040.0,1.19,6217.0,2016
Kepler-1160b,,0.191,7.97034958,,,transit,4220.0,0.92,5519.0,2016
Kepler-1161b,,0.19,10.71252541,,,transit,1400.0,0.59,4253.0,2016
Kepler-1162b,,0.197,32.5637069,,,transit,3230.0,0.89,5390.0,2016
Kepler-1163b,,0.092,6.11786898,,,transit,1590.0,1.22,6302.0,2016
Kepler-1164b,,0.1,3.97599768,,,transit,1460.0,0.85,5183.0,2016
Kepler-1165b,,0.138,9.478522,,,transit,3530.0,1.13,6080.0,2016
Kepler-1166b,,0.151,33.2406882,,,transit,2110.0,0.9,5446.0,2016
Kepler-1167b,,0.153,1.00393374,,,transit,2650.0,0.79,4971.0,2016
Kepler-1168b,,0.223,55.8226539,,,transit,2970.0,0.87,5157.0,2016
Kepler-1169b,,0.084,6.11009134,,,transit,1750.0,1.24,6191.0,2016
Kepler-1170b,,0.215,9.98969327,,,transit,2970.0,0.8,5069.0,2016
Kepler-1171b,,0.228,1.44259224,,,transit,2010.0,1.58,7044.0,2016
Kepler-1172b,,0.285,26.0204423,,,transit,4210.0,0.92,5558.0,2016
Kepler-1173b,,0.079,0.7698536,,,transit,1310.0,0.86,5252.0,2016
Kepler-1174b,,0.142,6.89225223,,,transit,2700.0,1.04,5936.0,2016
Kepler-1175b,,0.267,37.94563,,,transit,4060.0,0.9,5453.0,2016
Kepler-1176b,,0.219,24.1738579,,,transit,3340.0,1.01,5844.0,2016
Kepler-1177b,,0.17,106.247547,,,transit,2700.0,0.98,5712.0,2016
Kepler-1178b,,0.095,31.80634,,,transit,1100.0,0.8,4990.0,2016
Kepler-1179b,,0.118,2.68505749,,,transit,1480.0,0.84,5212.0,2016
Kepler-1180b,,0.178,16.8601286,,,transit,4190.0,1.09,6077.0,2016
Kepler-1181b,,0.14,4.89337519,,,transit,2830.0,1.17,6176.0,2016
Kepler-1182b,,0.215,11.17394617,,,transit,4100.0,1.04,5924.0,2016
Kepler-1183b,,0.252,28.5057189,,,transit,4490.0,1.0,5765.0,2016
Kepler-1184b,,0.239,53.5991044,,,transit,3890.0,1.05,5983.0,2016
Kepler-1185b,,0.119,104.3518976,,,transit,970.0,0.96,5622.0,2016
Kepler-1186b,,0.199,16.07677615,,,transit,3630.0,0.95,5635.0,2016
Kepler-1187b,,0.233,18.87064068,,,transit,3360.0,1.06,5975.0,2016
Kepler-1188b,,0.186,17.1369543,,,transit,3920.0,1.04,5913.0,2016
Kepler-1189b,,0.158,3.78858982,,,transit,2880.0,1.11,6012.0,2016
Kepler-1190b,,0.119,10.45843441,,,transit,1250.0,0.76,4730.0,2016
Kepler-1191b,,0.135,5.60014851,,,transit,2860.0,0.85,5308.0,2016
Kepler-1192b,,0.211,25.2034787,,,transit,3610.0,0.86,5438.0,2016
Kepler-1193b,,0.118,2.83265213,,,transit,2270.0,1.08,5908.0,2016
Kepler-1194b,,0.135,16.22371307,,,transit,2010.0,0.94,5590.0,2016
Kepler-1195b,,0.186,8.49642241,,,transit,2650.0,0.74,4965.0,2016
Kepler-1196b,,0.199,66.1849031,,,transit,3090.0,0.98,5756.0,2016
Kepler-1197b,,0.112,2.03231845,,,transit,1650.0,0.78,4708.0,2016
Kepler-1198b,,0.131,7.6847716,,,transit,2530.0,0.93,5517.0,2016
Kepler-1199b,,0.103,15.0447198,,,transit,1800.0,0.94,5889.0,2016
Kepler-1200b,,0.095,1.11854972,,,transit,1890.0,0.74,4612.0,2016
Kepler-1201b,,0.204,15.18725932,,,transit,3920.0,1.15,6177.0,2016
Kepler-1202b,,0.262,28.6851324,,,transit,4540.0,1.03,5834.0,2016
Kepler-1203b,,0.095,0.58800076,,,transit,880.0,0.64,4105.0,2016
Kepler-1204b,,0.272,85.7350285,,,transit,4180.0,1.03,5825.0,2016
Kepler-1205b,,0.126,1.07839035,,,transit,2500.0,0.84,5226.0,2016
Kepler-1206b,,0.146,1.21699766,,,transit,2630.0,0.8,4877.0,2016
Kepler-1207b,,0.145,13.68237119,,,transit,3090.0,1.06,5909.0,2016
Kepler-1208b,,0.207,11.08507637,,,transit,2860.0,0.8,5001.0,2016
Kepler-1209b,,0.135,25.369116,,,transit,1820.0,1.23,6210.0,2016
Kepler-1210b,,0.152,8.07124073,,,transit,3770.0,0.94,5568.0,2016
Kepler-1211b,,0.227,11.01816836,,,transit,4850.0,0.96,5705.0,2016
Kepler-1212b,,0.191,12.94130146,,,transit,4250.0,1.1,6051.0,2016
Kepler-1213b,,0.106,5.34982412,,,transit,2230.0,1.14,6050.0,2016
Kepler-1214b,,0.211,18.82634264,,,transit,2470.0,0.85,5130.0,2016
Kepler-1215b,,0.109,4.76703963,,,transit,2290.0,0.95,5616.0,2016
Kepler-1216b,,0.124,4.37034536,,,transit,3670.0,0.99,5743.0,2016
Kepler-1217b,,0.178,2.03232507,,,transit,4450.0,1.06,5905.0,2016
Kepler-1218b,,0.128,22.9221266,,,transit,2180.0,1.06,5986.0,2016
Kepler-1219b,,0.189,16.10467749,,,transit,2030.0,1.25,5944.0,2016
Kepler-1220b,,0.136,7.42693741,,,transit,3120.0,1.0,5842.0,2016
Kepler-1221b,,0.168,12.00096042,,,transit,2960.0,0.87,5194.0,2016
Kepler-1222b,,0.07,1.91694425,,,transit,1480.0,0.84,5239.0,2016
Kepler-1223b,,0.109,16.301259,,,transit,1480.0,0.8,4870.0,2016
Kepler-1224b,,0.119,13.32351601,,,transit,1890.0,1.18,6155.0,2016
Kepler-1225b,,0.162,7.01075434,,,transit,4050.0,1.13,6140.0,2016
Kepler-1226b,,0.129,17.2923453,,,transit,2540.0,1.02,5923.0,2016
Kepler-1227b,,0.204,94.2887577,,,transit,2180.0,0.97,5747.0,2016
Kepler-1228b,,0.137,0.57736958,,,transit,1780.0,0.78,5063.0,2016
Kepler-1229b,,0.125,86.828989,,,transit,770.0,0.54,3784.0,2016
Kepler-1230b,,0.242,9.95661537,,,transit,4670.0,1.06,5961.0,2016
Kepler-1231b,,0.127,10.41725184,,,transit,3090.0,1.01,5778.0,2016
Kepler-1232b,,0.172,26.7839183,,,transit,2400.0,0.92,5471.0,2016
Kepler-1233b,,0.232,45.1263042,,,transit,4180.0,1.16,6198.0,2016
Kepler-1234b,,0.251,11.94014029,,,transit,2820.0,0.8,4967.0,2016
Kepler-1235b,,0.07,4.16055856,,,transit,1740.0,0.93,5541.0,2016
Kepler-1236b,,0.191,31.0571618,,,transit,3520.0,0.86,5337.0,2016
Kepler-1237b,,0.255,84.5733226,,,transit,3660.0,0.94,5472.0,2016
Kepler-1238b,,0.172,4.14787559,,,transit,5000.0,1.3,6386.0,2016
Kepler-1239b,,0.259,5.19104016,,,transit,8190.0,1.4,6564.0,2016
Kepler-1240b,,0.103,4.8663815,,,transit,2000.0,0.98,5682.0,2016
Kepler-1241b,,0.235,18.5525701,,,transit,3050.0,0.84,5261.0,2016
Kepler-1242b,,0.202,13.62798432,,,transit,2220.0,0.77,4895.0,2016
Kepler-1243b,,0.156,16.8320729,,,transit,2860.0,0.96,5667.0,2016
Kepler-1244b,,0.12,3.70428172,,,transit,2490.0,1.46,6680.0,2016
Kepler-1245b,,0.128,4.35409304,,,transit,2810.0,0.86,5306.0,2016
Kepler-1245c,,0.128,2.93658468,,,transit,2810.0,0.86,5306.0,2016
Kepler-1246b,,0.121,11.32271513,,,transit,1420.0,0.73,4611.0,2016
Kepler-1247b,,0.208,13.71220213,,,transit,3570.0,0.86,5303.0,2016
Kepler-1248b,,0.105,7.46725407,,,transit,1800.0,1.21,6149.0,2016
Kepler-1249b,,0.212,24.3347127,,,transit,5460.0,1.19,6202.0,2016
Kepler-1250b,,0.171,2.60754383,,,transit,4470.0,0.99,5717.0,2016
Kepler-1251b,,0.164,45.0904643,,,transit,2810.0,0.92,5545.0,2016
Kepler-1252b,,0.149,15.0540329,,,transit,2700.0,1.06,5949.0,2016
Kepler-1253b,,0.119,68.8861915,,,transit,1300.0,0.97,5850.0,2016
Kepler-1254b,,0.138,9.99113313,,,transit,2200.0,0.78,4985.0,2016
Kepler-1254c,,0.116,3.60084276,,,transit,2200.0,0.78,4985.0,2016
Kepler-1254d,,0.117,5.72717226,,,transit,2200.0,0.78,4985.0,2016
Kepler-1255b,,0.207,36.2919336,,,transit,4380.0,1.08,6018.0,2016
Kepler-1256b,,0.133,12.4127754,,,transit,2810.0,1.17,6129.0,2016
Kepler-1257b,,0.136,2.66831376,,,transit,3530.0,0.9,5502.0,2016
Kepler-1258b,,0.077,0.98494017,,,transit,2120.0,0.99,5839.0,2016
Kepler-1259b,,0.128,0.66308526,,,transit,2300.0,0.8,5053.0,2016
Kepler-1260b,,0.158,19.1187753,,,transit,3400.0,1.06,5961.0,2016
Kepler-1261b,,0.202,48.4308991,,,transit,2590.0,0.82,5006.0,2016
Kepler-1262b,,0.162,8.67900242,,,transit,3760.0,0.99,5771.0,2016
Kepler-1263b,,0.102,4.55139967,,,transit,2270.0,0.84,5213.0,2016
Kepler-1264b,,0.105,0.96852602,,,transit,2650.0,0.99,5791.0,2016
Kepler-1265b,,0.12,6.49441289,,,transit,1890.0,0.71,4630.0,2016
Kepler-1266b,,0.23,28.474748,,,transit,2940.0,0.8,5044.0,2016
Kepler-1267b,,0.269,13.0313945,,,transit,5310.0,1.15,6096.0,2016
Kepler-1268b,,0.181,40.9903986,,,transit,4590.0,1.06,5904.0,2016
Kepler-1269b,,0.145,37.3331536,,,transit,2300.0,1.1,5998.0,2016
Kepler-1270b,,0.296,6.03356196,,,transit,3930.0,1.28,5047.0,2016
Kepler-1271b,,0.132,3.0255955,,,transit,2890.0,1.13,6143.0,2016
Kepler-1272b,,0.211,51.1309704,,,transit,2920.0,1.06,5926.0,2016
Kepler-1273b,,0.222,28.625653,,,transit,4420.0,0.94,5566.0,2016
Kepler-1274b,,0.127,6.98152703,,,transit,1990.0,1.45,6179.0,2016
Kepler-1275b,,0.132,3.65691115,,,transit,4200.0,1.23,6296.0,2016
Kepler-1276b,,0.106,12.5720095,,,transit,1910.0,1.14,6188.0,2016
Kepler-1277b,,0.143,40.8365012,,,transit,1980.0,0.94,5578.0,2016
Kepler-1278b,,0.09,3.23941344,,,transit,2420.0,1.11,6074.0,2016
Kepler-1279b,,0.156,23.4774101,,,transit,3320.0,1.21,6221.0,2016
Kepler-1280b,,0.167,66.5579057,,,transit,3280.0,1.2,6227.0,2016
Kepler-1281b,,0.146,3.11602791,,,transit,3600.0,0.87,5353.0,2016
Kepler-1282b,,0.138,2.13194651,,,transit,3670.0,0.92,5504.0,2016
Kepler-1283b,,0.17,12.9460978,,,transit,4740.0,1.16,6175.0,2016
Kepler-1284b,,0.108,0.66407381,,,transit,2780.0,0.84,5123.0,2016
Kepler-1285b,,0.087,14.7967458,,,transit,1190.0,1.2,6170.0,2016
Kepler-1286b,,0.192,11.25402929,,,transit,3800.0,1.0,5753.0,2016
Kepler-1287b,,0.137,11.47685909,,,transit,3350.0,0.96,5715.0,2016
Kepler-1288b,,0.1,2.76122421,,,transit,2330.0,1.2,6132.0,2016
Kepler-1289b,,0.136,7.99019627,,,transit,3450.0,1.1,6080.0,2016
Kepler-1290b,,0.127,4.69500134,,,transit,4310.0,0.95,5660.0,2016
Kepler-1291b,,0.148,8.63043276,,,transit,3200.0,0.84,5216.0,2016
Kepler-1292b,,0.162,3.27646405,,,transit,4590.0,0.95,5556.0,2016
Kepler-1293b,,0.087,5.57654784,,,transit,2500.0,1.18,6241.0,2016
Kepler-1294b,,0.285,115.6862258,,,transit,3700.0,0.99,5776.0,2016
Kepler-1295b,,0.138,3.81371974,,,transit,4100.0,0.92,5486.0,2016
Kepler-1296b,,0.081,8.3839865,,,transit,2060.0,0.87,5359.0,2016
Kepler-1297b,,0.087,1.68189002,,,transit,3250.0,0.99,5818.0,2016
Kepler-1298b,,0.117,7.12811928,,,transit,1620.0,1.45,6339.0,2016
Kepler-1299b,,0.266,19.9400874,,,transit,4410.0,0.94,5609.0,2016
Kepler-1300b,,0.122,22.2419092,,,transit,2470.0,1.29,6130.0,2016
Kepler-1301b,,0.125,9.08237046,,,transit,2660.0,0.85,5188.0,2016
Kepler-1302b,,0.128,8.83922659,,,transit,2370.0,0.86,5236.0,2016
Kepler-1303b,,0.127,7.56127224,,,transit,2950.0,1.01,5771.0,2016
Kepler-1304b,,0.204,16.1288853,,,transit,2220.0,0.85,5259.0,2016
Kepler-1305b,,0.168,13.5630972,,,transit,4380.0,0.97,5701.0,2016
Kepler-1306b,,0.17,16.29595382,,,transit,3700.0,0.98,5727.0,2016
Kepler-1307b,,0.22,18.01621096,,,transit,4550.0,1.06,5884.0,2016
Kepler-1308b,,0.046,2.10433812,,,transit,240.0,0.35,3468.0,2016
Kepler-1309b,,0.211,28.8432647,,,transit,2760.0,0.85,5235.0,2016
Kepler-1310b,,0.128,0.67933627,,,transit,1900.0,0.91,5549.0,2016
Kepler-1311b,,0.111,11.1726994,,,transit,2300.0,1.05,5748.0,2016
Kepler-1311c,,0.109,2.53573424,,,transit,2300.0,1.05,5748.0,2016
Kepler-1312b,,0.187,5.44832529,,,transit,990.0,0.99,5719.0,2016
Kepler-1313b,,0.157,3.83309118,,,transit,610.0,0.92,5453.0,2016
Kepler-1314b,,0.456,5.42474928,,,transit,1510.0,0.6,4188.0,2016
Kepler-1315b,,0.123,0.84338011,,,transit,1650.0,0.8,4861.0,2016
Kepler-1316b,,0.316,87.9732136,,,transit,2460.0,1.04,5884.0,2016
Kepler-1317b,,0.139,0.56887443,,,transit,2390.0,0.83,5144.0,2016
Kepler-1318b,,0.277,213.257663,,,transit,1550.0,0.73,4598.0,2016
Kepler-1319b,,0.12,2.88676265,,,transit,370.0,0.56,3655.0,2016
Kepler-1320b,,0.152,0.86838653,,,transit,2510.0,0.8,4817.0,2016
Kepler-1321b,,0.439,11.12830484,,,transit,1780.0,0.54,4094.0,2016
Kepler-1321c,,0.214,2.22649109,,,transit,1780.0,0.54,4094.0,2016
Kepler-1322b,,0.144,0.96286738,,,transit,3970.0,0.9,5488.0,2016
Kepler-1323b,,0.136,0.92990668,,,transit,1700.0,1.18,6169.0,2016
Kepler-1324b,,0.135,4.11584468,,,transit,1700.0,0.78,4776.0,2016
Kepler-1325b,,0.255,33.8786838,,,transit,3110.0,0.93,5550.0,2016
Kepler-1326b,,0.373,42.3514267,,,transit,3000.0,1.45,6725.0,2016
Kepler-1327b,,0.161,14.88801098,,,transit,2240.0,1.02,5885.0,2016
Kepler-1328b,,0.087,4.52158888,,,transit,2100.0,1.0,5780.0,2016
Kepler-1329b,,0.194,9.33646594,,,transit,2040.0,0.72,4500.0,2016
Kepler-1330b,,0.147,10.10769068,,,transit,3060.0,0.97,5608.0,2016
Kepler-1331b,,0.094,0.78916165,,,transit,1190.0,0.72,4508.0,2016
Kepler-1332b,,0.122,11.87456832,,,transit,1680.0,0.95,5581.0,2016
Kepler-1333b,,0.251,109.6471842,,,transit,3120.0,0.94,5628.0,2016
Kepler-1334b,,0.204,15.64591713,,,transit,3410.0,0.94,5614.0,2016
Kepler-1335b,,0.129,6.26406846,,,transit,2050.0,0.77,4903.0,2016
Kepler-1336b,,0.177,23.198681,,,transit,2680.0,0.94,5512.0,2016
Kepler-1336c,,0.153,5.77721211,,,transit,2680.0,0.94,5512.0,2016
Kepler-1337b,,0.215,24.4002549,,,transit,1920.0,0.7,4523.0,2016
Kepler-1338b,,0.082,0.93511806,,,transit,2020.0,1.04,5909.0,2016
Kepler-1339b,,0.063,1.34155513,,,transit,870.0,0.94,5586.0,2016
Kepler-1340b,,0.138,0.66502692,,,transit,4630.0,1.27,6331.0,2016
Kepler-1341b,,0.267,132.9968322,,,transit,1520.0,0.79,4662.0,2016
Kepler-1342b,,0.148,2.21571036,,,transit,3070.0,0.93,5527.0,2016
Kepler-1343b,,0.172,3.35183158,,,transit,4260.0,0.95,5759.0,2016
Kepler-1344b,,0.164,4.7683049,,,transit,2780.0,1.09,5981.0,2016
Kepler-1345b,,0.211,44.6169557,,,transit,3800.0,1.32,6449.0,2016
Kepler-1346b,,0.141,3.40165668,,,transit,3660.0,1.14,6133.0,2016
Kepler-1347b,,0.092,14.00947528,,,transit,1050.0,0.82,5193.0,2016
Kepler-1348b,,0.173,27.5722742,,,transit,3370.0,1.04,5911.0,2016
Kepler-1349b,,0.062,2.12823928,,,transit,850.0,1.16,6086.0,2016
Kepler-1350b,,0.225,4.4968604,,,transit,1100.0,0.55,3827.0,2016
Kepler-1350c,,0.154,1.76678906,,,transit,1100.0,0.55,3827.0,2016
Kepler-1351b,,0.058,0.91614077,,,transit,790.0,0.7,4439.0,2016
Kepler-1352b,,0.079,1.87788275,,,transit,2080.0,1.11,6118.0,2016
Kepler-1353b,,0.161,24.7543966,,,transit,1940.0,0.76,4776.0,2016
Kepler-1354b,,0.265,76.613377,,,transit,3450.0,1.16,6168.0,2016
Kepler-1355b,,0.13,1.28958811,,,transit,3140.0,0.88,5352.0,2016
Kepler-1356b,,0.136,0.63400294,,,transit,2870.0,0.82,5106.0,2016
Kepler-1357b,,0.114,3.0091324,,,transit,3350.0,0.93,5597.0,2016
Kepler-1358b,,0.1,7.06317341,,,transit,1820.0,0.82,5181.0,2016
Kepler-1359b,,0.252,59.4970952,,,transit,2180.0,0.78,4709.0,2016
Kepler-1360b,,0.303,40.5286413,,,transit,4580.0,1.51,6778.0,2016
Kepler-1361b,,0.077,3.57554956,,,transit,1320.0,0.83,5131.0,2016
Kepler-1362b,,0.232,136.205626,,,transit,2500.0,0.8,4857.0,2016
Kepler-1363b,,0.112,2.94194094,,,transit,1820.0,0.76,4839.0,2016
Kepler-1364b,,0.192,13.32196237,,,transit,3750.0,1.49,6805.0,2016
Kepler-1365b,,0.082,7.69993485,,,transit,1760.0,1.0,5770.0,2016
Kepler-1365c,,0.071,4.77468005,,,transit,1760.0,1.0,5770.0,2016
Kepler-1366b,,0.128,2.16457097,,,transit,1290.0,0.62,4070.0,2016
Kepler-1367b,,0.082,1.57409027,,,transit,1160.0,0.62,4106.0,2016
Kepler-1368b,,0.147,0.67564949,,,transit,5700.0,1.07,5906.0,2016
Kepler-1369b,,0.24,25.873148,,,transit,4030.0,0.99,5761.0,2016
Kepler-1370b,,0.164,20.2641684,,,transit,2860.0,1.19,6202.0,2016
Kepler-1370c,,0.113,7.44142113,,,transit,2860.0,1.19,6202.0,2016
Kepler-1371b,,0.065,3.4462039,,,transit,1500.0,0.87,5361.0,2016
Kepler-1371c,,0.057,2.00541269,,,transit,1500.0,0.87,5361.0,2016
Kepler-1372b,,0.113,1.31155557,,,transit,3790.0,0.98,5677.0,2016
Kepler-1373b,,0.103,1.29123275,,,transit,3630.0,1.22,6299.0,2016
Kepler-1374b,,0.204,10.65276707,,,transit,3700.0,0.85,5323.0,2016
Kepler-1375b,,0.155,3.3004192,,,transit,4040.0,1.47,6704.0,2016
Kepler-1376b,,0.094,5.30880656,,,transit,2820.0,0.98,5659.0,2016
Kepler-1377b,,0.112,0.74092842,,,transit,3320.0,0.86,5218.0,2016
Kepler-1378b,,0.196,11.95398936,,,transit,1830.0,0.7,4407.0,2016
Kepler-1379b,,0.116,0.88184115,,,transit,3100.0,0.83,5188.0,2016
Kepler-1380b,,0.128,10.3108245,,,transit,3940.0,0.96,5570.0,2016
Kepler-1381b,,0.201,25.3842686,,,transit,4260.0,0.96,5747.0,2016
Kepler-1382b,,0.168,16.3583055,,,transit,2400.0,1.36,6161.0,2016
Kepler-1383b,,0.126,13.9093583,,,transit,3130.0,1.26,6370.0,2016
Kepler-1384b,,0.173,15.36262753,,,transit,2020.0,0.78,4919.0,2016
Kepler-1385b,,0.076,2.88879862,,,transit,1720.0,1.15,5732.0,2016
Kepler-1386b,,0.111,6.73972381,,,transit,2730.0,1.02,5733.0,2016
Kepler-1387b,,0.083,2.27952666,,,transit,1600.0,0.82,5046.0,2016
Kepler-1388b,,0.231,12.2854603,,,transit,1600.0,0.63,4098.0,2016
Kepler-1388c,,0.202,5.53608151,,,transit,1600.0,0.63,4098.0,2016
Kepler-1388d,,0.255,20.9568158,,,transit,1600.0,0.63,4098.0,2016
Kepler-1388e,,0.219,37.6327084,,,transit,1600.0,0.63,4098.0,2016
Kepler-1389b,,0.158,99.2530951,,,transit,1700.0,0.81,5078.0,2016
Kepler-1390b,,0.105,6.48021673,,,transit,2500.0,0.98,5753.0,2016
Kepler-1391b,,0.15,54.4092333,,,transit,2350.0,1.03,5840.0,2016
Kepler-1392b,,0.175,15.1410397,,,transit,3640.0,0.88,5479.0,2016
Kepler-1393b,,0.071,2.44357812,,,transit,1510.0,0.95,5697.0,2016
Kepler-1394b,,0.124,3.93766373,,,transit,2700.0,1.64,6481.0,2016
Kepler-1395b,,0.071,3.78470649,,,transit,1650.0,1.17,6138.0,2016
Kepler-1396b,,0.185,18.2206421,,,transit,4030.0,1.18,6195.0,2016
Kepler-1397b,,0.153,47.449955,,,transit,2500.0,1.09,6026.0,2016
Kepler-1398b,,0.08,2.78815679,,,transit,2590.0,1.13,6126.0,2016
Kepler-1398c,,0.092,4.13827595,,,transit,2590.0,1.13,6126.0,2016
Kepler-1399b,,0.112,1.63865306,,,transit,4100.0,0.97,5735.0,2016
Kepler-1400b,,0.145,9.06689421,,,transit,2870.0,0.83,5044.0,2016
Kepler-1401b,,0.15,11.20066445,,,transit,4050.0,1.07,5964.0,2016
Kepler-1402b,,0.068,2.03387914,,,transit,2220.0,0.9,5416.0,2016
Kepler-1403b,,0.191,5.19492202,,,transit,5870.0,1.11,6060.0,2016
Kepler-1404b,,0.179,15.9314739,,,transit,3090.0,0.84,5261.0,2016
Kepler-1405b,,0.353,28.2274184,,,transit,5230.0,1.05,5925.0,2016
Kepler-1406b,,0.098,11.62905828,,,transit,1910.0,1.05,5892.0,2016
Kepler-1407b,,0.201,20.0711504,,,transit,4160.0,1.1,6010.0,2016
Kepler-1408b,,0.079,2.99793191,,,transit,1390.0,1.21,6170.0,2016
Kepler-1409b,,0.093,0.76486493,,,transit,2350.0,0.83,5160.0,2016
Kepler-1410b,,0.159,60.866168,,,transit,1200.0,0.63,4092.0,2016
Kepler-1411b,,0.252,86.1150888,,,transit,4670.0,0.95,5664.0,2016
Kepler-1412b,,0.074,3.6146051,,,transit,2080.0,1.06,5880.0,2016
Kepler-1413b,,0.162,13.1829642,,,transit,3790.0,0.84,5196.0,2016
Kepler-1414b,,0.11,3.51576315,,,transit,1740.0,0.8,4951.0,2016
Kepler-1415b,,0.115,0.63642408,,,transit,3480.0,0.89,5267.0,2016
Kepler-1416b,,0.079,1.49514952,,,transit,2630.0,1.09,6019.0,2016
Kepler-1417b,,0.089,20.3505213,,,transit,2140.0,1.02,5839.0,2016
Kepler-1418b,,0.148,22.4764425,,,transit,1630.0,0.77,4770.0,2016
Kepler-1419b,,0.255,42.5215895,,,transit,4710.0,1.01,5796.0,2016
Kepler-1420b,,0.114,6.69960006,,,transit,3010.0,0.82,5187.0,2016
Kepler-1421b,,0.083,6.9131112,,,transit,2200.0,1.25,6335.0,2016
Kepler-1422b,,0.18,18.6051942,,,transit,6790.0,1.15,6194.0,2016
Kepler-1423b,,0.095,23.955378,,,transit,1460.0,0.79,4939.0,2016
Kepler-1424b,,0.103,29.6091744,,,transit,2000.0,1.02,5838.0,2016
Kepler-1425b,,0.084,14.4541302,,,transit,1630.0,0.97,5718.0,2016
Kepler-1426b,,0.139,14.2563227,,,transit,3950.0,1.02,5831.0,2016
Kepler-1427b,,0.098,0.96897238,,,transit,4000.0,1.01,5793.0,2016
Kepler-1428b,,0.146,10.67607169,,,transit,2620.0,1.28,6184.0,2016
Kepler-1429b,,0.115,4.48487493,,,transit,3770.0,1.05,5902.0,2016
Kepler-1430b,,0.105,2.46050993,,,transit,1760.0,0.77,4796.0,2016
Kepler-1431b,,0.131,5.86601526,,,transit,4100.0,1.03,5806.0,2016
Kepler-1432b,,0.198,23.9109011,,,transit,5060.0,1.09,6031.0,2016
Kepler-1433b,,0.139,4.13592271,,,transit,4330.0,1.14,6097.0,2016
Kepler-1434b,,0.099,8.05333618,,,transit,2200.0,1.47,6291.0,2016
Kepler-1435b,,0.077,4.45343281,,,transit,2220.0,1.21,6356.0,2016
Kepler-1436b,,0.117,9.705716,,,transit,3720.0,1.06,5972.0,2016
Kepler-1437b,,0.122,10.9295461,,,transit,3860.0,0.93,5557.0,2016
Kepler-1438b,,0.084,2.31942009,,,transit,2820.0,0.97,5530.0,2016
Kepler-1439b,,0.13,8.07392849,,,transit,700.0,0.46,3578.0,2016
Kepler-1440b,,0.112,39.859484,,,transit,2230.0,0.98,5698.0,2016
Kepler-1441b,,0.117,39.4419839,,,transit,2450.0,1.0,5802.0,2016
Kepler-1442b,,0.351,81.4162941,,,transit,1710.0,1.34,6394.0,2016
Kepler-1443b,,0.087,2.41811321,,,transit,1550.0,1.19,6289.0,2016
Kepler-1444b,,0.194,33.42035034,,,transit,1100.0,1.03,5810.0,2016
Kepler-1445b,,0.086,10.60052251,,,transit,1570.0,1.13,6150.0,2016
Kepler-1446b,,0.073,0.68996783,,,transit,530.0,0.81,4865.0,2016
Kepler-1447b,,0.259,56.6747285,,,transit,2840.0,0.97,5722.0,2016
Kepler-1448b,,0.144,12.27065865,,,transit,2560.0,0.95,5774.0,2016
Kepler-1449b,,0.15,13.2274528,,,transit,4310.0,1.08,5979.0,2016
Kepler-1450b,,0.153,54.5094166,,,transit,1600.0,0.71,4524.0,2016
Kepler-1451b,,0.299,35.622233,,,transit,3780.0,1.0,5782.0,2016
Kepler-1452b,,0.241,42.913751,,,transit,3180.0,1.41,6101.0,2016
Kepler-1453b,,0.238,47.1611696,,,transit,4190.0,0.97,5665.0,2016
Kepler-1454b,,0.168,47.0319479,,,transit,2590.0,0.9,5448.0,2016
Kepler-1455b,,0.193,49.276764,,,transit,1280.0,0.62,4075.0,2016
Kepler-1456b,,0.102,18.1373829,,,transit,1240.0,0.64,4231.0,2016
Kepler-1457b,,0.178,51.1110243,,,transit,2370.0,1.01,5866.0,2016
Kepler-1458b,,0.246,47.9872764,,,transit,2090.0,0.96,5653.0,2016
Kepler-1459b,,0.121,62.8691611,,,transit,1420.0,0.78,4828.0,2016
Kepler-1460b,,0.175,29.9633247,,,transit,1870.0,0.7,4422.0,2016
Kepler-1461b,,0.181,29.3494775,,,transit,2450.0,0.79,4919.0,2016
Kepler-1462b,,0.341,65.6488341,,,transit,4460.0,1.0,5756.0,2016
Kepler-1463b,,0.166,25.15864,,,transit,4370.0,0.96,5679.0,2016
Kepler-1464b,,0.148,31.7785901,,,transit,2260.0,1.02,5828.0,2016
Kepler-1464c,,0.089,5.32786292,,,transit,2260.0,1.02,5828.0,2016
Kepler-1465b,,0.158,31.8277111,,,transit,1100.0,0.75,4726.0,2016
Kepler-1466b,,0.138,31.1750448,,,transit,2240.0,1.01,5884.0,2016
Kepler-1467b,,0.294,47.0569043,,,transit,2900.0,0.86,5332.0,2016
Kepler-1468b,,0.154,8.23984869,,,transit,3700.0,1.04,5893.0,2016
Kepler-1468c,,0.103,3.54553021,,,transit,3700.0,1.04,5893.0,2016
Kepler-1469b,,0.25,21.8635301,,,transit,4090.0,0.92,5507.0,2016
Kepler-1470b,,0.095,16.2950903,,,transit,1860.0,0.8,4961.0,2016
Kepler-1471b,,0.126,3.63899398,,,transit,3450.0,0.95,5660.0,2016
Kepler-1472b,,0.17,38.1312831,,,transit,4140.0,1.16,6159.0,2016
Kepler-1473b,,0.106,14.4273551,,,transit,2040.0,1.09,6046.0,2016
Kepler-1474b,,0.193,36.4333452,,,transit,3960.0,1.04,5870.0,2016
Kepler-1475b,,0.261,82.177374,,,transit,5590.0,1.18,6214.0,2016
Kepler-1476b,,0.149,10.35863224,,,transit,3970.0,0.98,5663.0,2016
Kepler-1477b,,0.105,11.55530021,,,transit,1710.0,0.81,5100.0,2016
Kepler-1478b,,0.154,26.0840594,,,transit,4580.0,1.04,5904.0,2016
Kepler-1479b,,0.163,14.53261362,,,transit,2020.0,0.99,5796.0,2016
Kepler-1480b,,0.149,22.12679948,,,transit,1800.0,0.85,5156.0,2016
Kepler-1481b,,0.11,5.94220998,,,transit,1610.0,0.8,4908.0,2016
Kepler-1482b,,0.09,12.25383217,,,transit,1440.0,0.88,5381.0,2016
Kepler-1483b,,0.136,9.5085156,,,transit,4330.0,1.25,6337.0,2016
Kepler-1484b,,0.188,30.4549136,,,transit,3570.0,0.94,5730.0,2016
Kepler-1485b,,0.131,19.9157725,,,transit,1800.0,1.11,6087.0,2016
Kepler-1486b,,0.207,54.6495759,,,transit,4780.0,1.08,5965.0,2016
Kepler-1487b,,0.19,7.31946363,,,transit,3570.0,1.38,6541.0,2016
Kepler-1488b,,0.166,39.8189932,,,transit,2020.0,1.05,5820.0,2016
Kepler-1489b,,0.158,82.294751,,,transit,2800.0,0.93,5655.0,2016
Kepler-1490b,,0.271,92.4362973,,,transit,3160.0,0.9,5515.0,2016
Kepler-1491b,,0.135,16.5861762,,,transit,4280.0,1.0,5728.0,2016
Kepler-1492b,,0.133,16.75255007,,,transit,1210.0,0.77,4712.0,2016
Kepler-1493b,,0.126,15.0217983,,,transit,1870.0,1.06,5863.0,2016
Kepler-1494b,,0.274,91.080482,,,transit,3450.0,0.96,5659.0,2016
Kepler-1495b,,0.262,85.273256,,,transit,4260.0,1.03,5831.0,2016
Kepler-1496b,,0.198,64.6588017,,,transit,4220.0,1.18,6182.0,2016
Kepler-1497b,,0.148,8.74199772,,,transit,3660.0,0.96,5675.0,2016
Kepler-1498b,,0.119,48.051405,,,transit,2400.0,0.86,5256.0,2016
Kepler-1499b,,0.106,44.2008,,,transit,1000.0,0.82,5097.0,2016
Kepler-1500b,,0.107,15.0330105,,,transit,2950.0,1.0,5845.0,2016
Kepler-1501b,,0.139,14.5564533,,,transit,2900.0,1.2,6229.0,2016
Kepler-1502b,,0.284,41.7083629,,,transit,5000.0,1.44,6666.0,2016
Kepler-1503b,,0.203,96.16987,,,transit,2800.0,0.77,5069.0,2016
Kepler-1504b,,0.19,82.304003,,,transit,3360.0,0.85,5393.0,2016
Kepler-1505b,,0.083,30.8609366,,,transit,1170.0,0.93,5686.0,2016
Kepler-1506b,,0.118,14.0329154,,,transit,4300.0,0.95,5676.0,2016
Kepler-1507b,,0.075,16.0506213,,,transit,1120.0,0.89,5410.0,2016
Kepler-1508b,,0.119,20.7056504,,,transit,2910.0,1.14,6158.0,2016
Kepler-1509b,,0.165,25.4338197,,,transit,4170.0,1.0,5780.0,2016
Kepler-1510b,,0.3,84.703921,,,transit,5270.0,1.19,6200.0,2016
Kepler-1511b,,0.15,23.2382792,,,transit,2930.0,1.17,6064.0,2016
Kepler-1512b,,0.105,20.35972599,,,transit,530.0,0.73,4372.0,2016
Kepler-1513b,,0.755,160.88465087,,,transit,1250.0,0.99,5617.0,2016
Kepler-1514b,,1.055,217.8317626,,,transit,1240.0,1.21,6251.0,2016
Kepler-1515b,,0.852,214.3114164,,,transit,1640.0,1.3,6511.0,2016
Kepler-1516b,,0.156,7.25931979,,,transit,2840.0,1.04,5904.0,2016
Kepler-1517b,,0.871,5.54608367,,,transit,2830.0,1.58,7010.0,2016
Kepler-1518b,,0.272,5.11177904,,,transit,3700.0,1.54,6846.0,2016
Kepler-1519b,,0.63,240.7989397,,,transit,2800.0,0.94,5644.0,2016
Kepler-1520b,,0.515,0.65355357,,,transit,2070.0,0.76,4677.0,2016
Kepler-1521b,,0.223,47.14840805,,,transit,740.0,0.81,5042.0,2016
Kepler-1522b,,0.154,1.84788917,,,transit,2300.0,0.96,5706.0,2016
Kepler-1523b,,0.141,0.93875077,,,transit,2990.0,0.97,5708.0,2016
Kepler-1524b,,0.316,70.9674603,,,transit,1650.0,1.17,6179.0,2016
Kepler-1525b,,0.081,2.41660118,,,transit,1290.0,1.07,5748.0,2016
Kepler-1526b,,0.217,3.908632,,,transit,1880.0,0.73,4601.0,2016
Kepler-1527b,,0.426,160.129918,,,transit,5100.0,1.21,6224.0,2016
Kepler-1528b,,0.13,1.79111021,,,transit,2990.0,1.03,5857.0,2016
Kepler-1529b,,0.187,5.33905686,,,transit,2230.0,0.81,5048.0,2016
Kepler-1530b,,0.146,2.5904434,,,transit,1800.0,0.92,5477.0,2016
Kepler-1530c,,0.147,5.3227406,,,transit,1800.0,0.92,5477.0,2016
Kepler-1531b,,0.099,1.13854338,,,transit,2200.0,1.16,6260.0,2016
Kepler-1532b,,0.12,1.09366356,,,transit,2690.0,0.91,5559.0,2016
Kepler-1533b,,0.309,308.5471,,,transit,2780.0,1.31,6431.0,2016
Kepler-1534b,,0.169,5.71668872,,,transit,3610.0,0.9,5442.0,2016
Kepler-1535b,,0.227,138.9442,,,transit,2870.0,1.08,6021.0,2016
Kepler-1536b,,0.28,364.758031,,,transit,1310.0,0.71,4434.0,2016
Kepler-1537b,,0.105,1.4444538,,,transit,1640.0,0.81,5079.0,2016
Kepler-1538b,,0.252,175.138819,,,transit,4210.0,1.03,5837.0,2016
Kepler-1539b,,0.241,133.3036741,,,transit,2570.0,0.84,5176.0,2016
Kepler-1540b,,0.222,125.4131177,,,transit,850.0,0.74,4540.0,2016
Kepler-1541b,,0.103,8.40691199,,,transit,1350.0,0.86,5282.0,2016
Kepler-1542b,,0.068,3.95116882,,,transit,1100.0,0.94,5564.0,2016
Kepler-1542c,,0.058,2.89223021,,,transit,1100.0,0.94,5564.0,2016
Kepler-1542d,,0.078,5.99273738,,,transit,1100.0,0.94,5564.0,2016
Kepler-1542e,,0.068,5.10115756,,,transit,1100.0,0.94,5564.0,2016
Kepler-1543b,,0.242,6.96710269,,,transit,3630.0,1.39,6561.0,2016
Kepler-1544b,,0.159,168.811174,,,transit,1140.0,0.81,4886.0,2016
Kepler-1545b,,0.241,163.692349,,,transit,2240.0,0.84,5201.0,2016
Kepler-1546b,,0.279,19.5974971,,,transit,3240.0,0.95,5623.0,2016
Kepler-1547b,,0.08,0.69297968,,,transit,2170.0,1.12,6078.0,2016
Kepler-1548b,,0.236,124.828679,,,transit,3800.0,0.99,5706.0,2016
Kepler-1549b,,0.229,214.886545,,,transit,2580.0,0.88,5324.0,2016
Kepler-1550b,,0.269,225.582809,,,transit,3920.0,1.07,5991.0,2016
Kepler-1551b,,0.237,24.4973698,,,transit,5100.0,1.14,6136.0,2016
Kepler-1552b,,0.22,184.771853,,,transit,2020.0,0.85,5202.0,2016
Kepler-1553b,,0.103,4.24261881,,,transit,2350.0,0.85,5288.0,2016
Kepler-1554b,,0.259,198.088774,,,transit,3200.0,0.84,5297.0,2016
Kepler-1555b,,0.144,8.10501635,,,transit,4510.0,1.04,5866.0,2016
Kepler-1556b,,0.175,8.82713457,,,transit,3500.0,0.97,5608.0,2016
Kepler-1557b,,0.136,3.74032496,,,transit,5000.0,1.11,6099.0,2016
Kepler-1558b,,0.061,3.50470358,,,transit,1120.0,0.83,5101.0,2016
Kepler-1559b,,0.064,0.97191543,,,transit,1900.0,0.86,5316.0,2016
Kepler-1560b,,0.079,3.03195744,,,transit,1730.0,1.02,5815.0,2016
Kepler-1561b,,0.097,1.00520701,,,transit,3240.0,1.07,5957.0,2016
Kepler-1562b,,0.317,64.2737752,,,transit,4290.0,1.02,5760.0,2016
Kepler-1563b,,0.067,3.43276598,,,transit,1780.0,1.0,5765.0,2016
Kepler-1564b,,0.131,18.0540381,,,transit,2840.0,0.93,5528.0,2016
Kepler-1565b,,0.106,1.53818844,,,transit,2140.0,0.76,4940.0,2016
Kepler-1566b,,0.07,0.53991524,,,transit,1670.0,0.84,5254.0,2016
Kepler-1567b,,0.244,153.979578,,,transit,4000.0,0.95,5655.0,2016
Kepler-1568b,,0.116,20.925392,,,transit,2880.0,1.09,5956.0,2016
Kepler-1569b,,0.15,5.79180156,,,transit,3400.0,1.25,6319.0,2016
Kepler-1570b,,0.095,26.548955,,,transit,1510.0,0.92,5550.0,2016
Kepler-1571b,,0.136,3.38555488,,,transit,2620.0,1.23,6297.0,2016
Kepler-1572b,,0.084,5.49548621,,,transit,2000.0,0.97,5618.0,2016
Kepler-1573b,,0.107,2.6157554,,,transit,3800.0,1.01,5808.0,2016
Kepler-1574b,,0.115,6.9424334,,,transit,4160.0,1.06,5892.0,2016
Kepler-1575b,,0.117,2.55314213,,,transit,3800.0,0.95,5667.0,2016
Kepler-1576b,,0.093,6.98471973,,,transit,1760.0,1.05,5876.0,2016
Kepler-1577b,,0.101,6.30560247,,,transit,1770.0,0.78,4862.0,2016
Kepler-1578b,,0.093,1.45088691,,,transit,3310.0,0.9,5545.0,2016
Kepler-1579b,,0.075,0.84990789,,,transit,1520.0,0.75,4584.0,2016
Kepler-1580b,,0.188,56.6449279,,,transit,2840.0,1.47,6228.0,2016
Kepler-1581b,,0.071,6.28385491,,,transit,1440.0,1.12,6022.0,2016
Kepler-1582b,,0.133,4.83817712,,,transit,370.0,0.28,3208.0,2016
Kepler-1583b,,0.054,9.32807355,,,transit,1160.0,0.94,5645.0,2016
Kepler-1584b,,0.144,13.3997099,,,transit,4320.0,1.1,6069.0,2016
Kepler-1585b,,0.16,3.5827463,,,transit,4140.0,0.94,5538.0,2016
Kepler-1586b,,0.136,15.6049212,,,transit,2820.0,1.45,6681.0,2016
Kepler-1587b,,0.119,9.4060467,,,transit,2960.0,1.08,5933.0,2016
Kepler-1588b,,0.068,7.84931739,,,transit,2150.0,0.96,5817.0,2016
Kepler-1589b,,0.097,0.99166527,,,transit,4620.0,1.18,6166.0,2016
Kepler-1590b,,0.102,7.61760804,,,transit,2900.0,1.11,6053.0,2016
Kepler-1591b,,0.113,8.18504949,,,transit,3600.0,1.1,6082.0,2016
Kepler-1592b,,0.137,3.05710069,,,transit,4400.0,1.18,6213.0,2016
Kepler-1593b,,0.283,174.509835,,,transit,2460.0,0.81,4995.0,2016
Kepler-1594b,,0.095,2.71603809,,,transit,3600.0,1.06,5946.0,2016
Kepler-1595b,,0.11,4.56380468,,,transit,2740.0,0.84,5203.0,2016
Kepler-1596b,,0.17,66.373379,,,transit,3800.0,0.95,5706.0,2016
Kepler-1597b,,0.095,2.94654179,,,transit,4090.0,1.25,6377.0,2016
Kepler-1598b,,0.085,4.34195123,,,transit,2390.0,1.07,5940.0,2016
Kepler-1599b,,0.145,122.363553,,,transit,3270.0,0.99,5767.0,2016
Kepler-1600b,,0.279,386.370548,,,transit,3240.0,0.86,5214.0,2016
Kepler-1601b,,0.073,2.20921951,,,transit,2200.0,1.04,5869.0,2016
Kepler-1602b,,0.12,11.17931605,,,transit,2660.0,1.22,6296.0,2016
Kepler-1603b,,0.115,2.27163926,,,transit,5710.0,1.21,6241.0,2016
Kepler-1604b,,0.126,0.68368426,,,transit,1830.0,0.81,4976.0,2016
Kepler-1605b,,0.096,85.7565495,,,transit,730.0,0.86,5280.0,2016
Kepler-1606b,,0.185,196.435224,,,transit,2900.0,0.9,5422.0,2016
Kepler-1607b,,0.082,13.6473676,,,transit,2400.0,1.14,6116.0,2016
Kepler-1608b,,0.154,16.4735686,,,transit,2710.0,0.75,4992.0,2016
Kepler-1609b,,0.198,114.34219,,,transit,4840.0,1.18,6132.0,2016
Kepler-1610b,,0.144,8.70181574,,,transit,3470.0,0.91,5383.0,2016
Kepler-1611b,,0.072,5.1762429,,,transit,2240.0,0.94,5605.0,2016
Kepler-1612b,,0.092,3.91795101,,,transit,2730.0,0.96,5643.0,2016
Kepler-1613b,,0.186,1.5184299,,,transit,2790.0,1.08,6005.0,2016
Kepler-1614b,,0.133,3.9466141,,,transit,3200.0,0.79,5121.0,2016
Kepler-1615b,,0.184,47.3126192,,,transit,3100.0,1.04,5865.0,2016
Kepler-1616b,,0.091,6.76284377,,,transit,2810.0,1.21,6266.0,2016
Kepler-1617b,,0.107,27.4785572,,,transit,2650.0,1.15,6167.0,2016
Kepler-1618b,,0.112,6.10826019,,,transit,4040.0,1.41,6620.0,2016
Kepler-1619b,,0.068,23.6225913,,,transit,1700.0,1.0,5852.0,2016
Kepler-1620b,,0.144,101.951829,,,transit,2520.0,1.15,6157.0,2016
Kepler-1621b,,0.193,92.263714,,,transit,4770.0,1.15,6158.0,2016
Kepler-1622b,,0.131,10.8118737,,,transit,3020.0,1.31,6436.0,2016
Kepler-1623b,,0.117,4.36128348,,,transit,3220.0,1.0,5772.0,2016
Kepler-1624b,,0.509,3.29030452,,,transit,650.0,0.5,3636.0,2016
Kepler-1625b,,0.541,287.378949,,,transit,3960.0,0.96,5677.0,2016
Kepler-1626b,,0.18,4.13962966,,,transit,5600.0,1.51,6826.0,2016
Kepler-1627b,,0.329,7.20283653,,,transit,1010.0,0.87,5445.0,2016
Kepler-1628b,,0.574,76.378033,,,transit,1150.0,0.55,3724.0,2016
Kepler-1629b,,0.069,3.87595807,,,transit,1300.0,1.01,5776.0,2016
Kepler-1630b,,0.195,509.997402,,,transit,910.0,0.66,4736.0,2016
Kepler-1631b,,0.12,4.09513932,,,transit,3900.0,0.97,5679.0,2016
Kepler-1632b,,0.22,448.303558,,,transit,1900.0,1.12,6137.0,2016
Kepler-1633b,,0.141,186.404271,,,transit,2650.0,1.2,6256.0,2016
Kepler-1634b,,0.285,374.876239,,,transit,2130.0,0.92,5474.0,2016
Kepler-1635b,,0.325,469.63111,,,transit,3540.0,0.89,5347.0,2016
Kepler-1636b,,0.288,425.47785,,,transit,5110.0,1.01,5797.0,2016
Kepler-1637b,,0.079,6.10960324,,,transit,1650.0,1.02,5789.0,2016
Kepler-1638b,,0.167,259.33683,,,transit,2870.0,0.97,5710.0,2016
Kepler-1639b,,0.23,9.878482,,,transit,3810.0,1.12,6150.0,2016
Kepler-1640b,,0.43,7.5844126,,,transit,4500.0,1.27,6324.0,2016
Kepler-1641b,,0.277,19.672266,,,transit,3130.0,1.12,6152.0,2016
Kepler-1641c,,0.263,32.657212,,,transit,3130.0,1.12,6152.0,2016
Kepler-1642b,,0.285,12.2057513,,,transit,1460.0,0.88,5355.0,2016
Kepler-1642c,,0.237,6.6513802,,,transit,1460.0,0.88,5355.0,2016
Kepler-1643b,,0.205,5.34264507,,,transit,1350.0,0.92,5508.0,2016
Kepler-1644b,,0.168,21.0907758,,,transit,1930.0,0.89,5499.0,2016
Kepler-1645b,,0.159,16.1779561,,,transit,2750.0,1.02,5812.0,2016
Kepler-1646b,,0.11,4.48558383,,,transit,260.0,0.24,3299.0,2016
Kepler-1647b,1.51968,1.059,1107.5923,2.7205,,transit,,1.22,6210.0,2016
OGLE-2007-BLG-349(AB)c,0.25171,,2557.0,2.59,,microlensing,9000.0,0.41,,2016
OGLE-2012-BLG-0724Lb,0.47,,,1.6,,microlensing,22000.0,0.29,,2016
OGLE-2014-BLG-0676Lb,3.09,,,4.4,,microlensing,7200.0,0.62,,2016
OGLE-2015-BLG-0051Lb [id],0.72,,,0.73,,microlensing,27000.0,0.1,,2016
OGLE-2015-BLG-0954Lb,3.9,,,1.2,,microlensing,2000.0,0.33,,2016
OGLE-2012-BLG-0950Lb,0.11012,,,2.7,,microlensing,9800.0,0.56,,2016
OGLE-2014-BLG-1760Lb [id],0.56,,,1.75,,microlensing,22400.0,0.51,,2016
Pr0211 c,7.79,,4850.0,5.5,,radial vel.,,0.94,5300.0,2016
Proxima Centauri b,0.004,,11.186,0.0485,,radial vel.,4.2,0.12,3050.0,2016
Qatar-3b,4.31,1.096,2.5079204,0.03783,1681.0,transit,,1.15,6007.0,2016
Qatar-4b,6.1,1.135,1.8053564,0.02803,1385.0,transit,,0.9,5215.0,2016
Qatar-5b,4.32,1.107,2.8792319,0.04127,1415.0,transit,,1.13,5747.0,2016
Rho Coronae Borealis c,0.07866,,102.54,0.4123,448.0,radial vel.,56.2,0.89,5627.0,2016
TRAPPIST-1b,0.00267,0.097,1.51087081,0.01111,400.0,transit,39.0,0.08,2559.0,2016
TRAPPIST-1c,0.00434,0.094,2.4218233,0.01521,342.0,transit,39.0,0.08,2559.0,2016
TRAPPIST-1d,0.00129,0.069,4.04961,0.02144,288.0,transit,39.0,0.08,2559.0,2016
TYC 3667-1280-1 b,5.4,,26.468,0.21,1350.0,radial vel.,1570.0,1.87,5130.0,2016
V830 Tauri b,0.7,,4.927,0.057,,radial vel.,490.0,1.0,4250.0,2016
WASP-53b,2.132,1.074,3.3098443,0.04101,,transit,,0.84,4953.0,2016
WASP-53c,16.35,,2840.0,3.73,,transit,,0.84,4953.0,2016
WASP-81b,0.729,1.429,2.7164762,0.03908,,transit,,1.08,5870.0,2016
WASP-92b,0.805,1.461,2.1746742,0.0348,1871.0,transit,1700.0,1.19,6280.0,2016
WASP-93b,1.47,1.597,2.7325321,0.04211,,transit,820.0,1.33,6700.0,2016
WASP-113b,0.475,1.409,4.54216875,0.05885,1496.0,transit,1200.0,1.32,5890.0,2016
WASP-114b,1.769,1.339,1.5487743,0.02851,2043.0,transit,1500.0,1.29,5940.0,2016
WASP-118b,0.514,1.44,4.0460435,0.05453,,transit,820.0,1.32,6410.0,2016
WASP-119b,1.23,1.4,2.49979,0.0363,1600.0,transit,1090.0,1.02,5650.0,2016
WASP-124b,0.6,1.24,3.37265,0.0449,1400.0,transit,1410.0,1.07,6050.0,2016
WASP-126b,0.28,0.96,3.2888,0.0449,1480.0,transit,760.0,1.12,5800.0,2016
WASP-127b,0.18,1.37,4.178062,0.052,,transit,330.0,1.08,5620.0,2016
WASP-129b,1.0,0.93,5.748145,0.0628,1100.0,transit,800.0,1.0,5900.0,2016
WASP-130b,1.23,0.89,11.55098,0.1012,833.0,transit,590.0,1.04,5625.0,2016
WASP-131b,0.27,1.22,5.322023,0.0607,1400.0,transit,820.0,1.06,6030.0,2016
WASP-132b,0.41,0.87,7.133521,0.067,763.0,transit,390.0,0.8,4775.0,2016
WASP-133b,1.16,1.21,2.176423,0.0345,1790.0,transit,1780.0,1.16,5700.0,2016
WASP-136b,1.51,1.38,5.215357,0.0661,,transit,530.0,1.41,6260.0,2016
WASP-138b,1.22,1.09,3.634433,0.0494,,transit,1000.0,1.22,6272.0,2016
WASP-139b,0.117,0.8,5.924262,0.062,910.0,transit,750.0,0.92,5310.0,2016
WASP-140b,2.44,1.44,2.2359835,0.0323,1320.0,transit,590.0,0.9,5260.0,2016
WASP-141b,2.69,1.21,3.310651,0.0469,1540.0,transit,1900.0,1.25,5900.0,2016
WASP-142b,0.84,1.53,2.052868,0.0347,2000.0,transit,2700.0,1.33,6010.0,2016
WASP-157b,0.574,1.065,3.9516205,0.0529,1339.0,transit,,1.26,5838.0,2016
XO-6b,4.4,2.07,3.7650007,0.0815,1577.0,transit,759.0,1.47,6720.0,2016
YBP 401 b,0.46,,4.087,,,radial vel.,,1.14,6165.0,2016
